date,stock,q10,q30,q50,q70,q90,p_up,actual_return,base_p_up,base_q50
2020-01-02,PSX,-0.013826512731611729,-0.005499332211911678,-0.000779437948949635,0.0039379894733428955,0.011758610606193542,0.4444444444444444,-0.0010254650504963,0.4444444444444444,-0.0001011016865959391
2020-01-03,PSX,-0.013035834766924381,-0.004738944116979837,-8.772576984483749e-05,0.004577335901558399,0.012471518479287624,0.4444444444444444,-0.0240520284121039,0.5555555555555556,7.960540096974e-05
2020-01-06,PSX,-0.015211457386612892,-0.006335284560918808,-0.0012764917919412255,0.003694823943078518,0.011777421459555626,0.4444444444444444,-0.0105355084672133,0.4444444444444444,-0.0006647823611274362
2020-01-07,PSX,-0.01617279462516308,-0.007166820578277111,-0.0022454780992120504,0.0026399176567792892,0.010918818414211273,0.4444444444444444,0.0057397897284333,0.4444444444444444,-0.0005496239755302668
2020-01-08,PSX,-0.015201049856841564,-0.006317382678389549,-0.00139076285995543,0.003477540099993348,0.011390812695026398,0.4444444444444444,-0.0420884046216123,0.4444444444444444,-9.707241406431422e-05
2020-01-09,PSX,-0.0163731649518013,-0.0061262077651917934,-0.0006893051322549582,0.004621464759111404,0.013396930880844593,0.4444444444444444,0.0082058895637802,0.4444444444444444,-0.00018994987476617098
2020-01-10,PSX,-0.01782853528857231,-0.008184407837688923,-0.002781456336379051,0.002438544761389494,0.010493384674191475,0.3333333333333333,-0.0043163066527446,0.4444444444444444,-0.0009019984281621873
2020-01-13,PSX,-0.01650017499923706,-0.006874968763440847,-0.0018093781545758247,0.0031315134838223457,0.011217933148145676,0.4444444444444444,-0.0023903449749581,0.4444444444444444,-0.0005338487681001425
2020-01-14,PSX,-0.017418665811419487,-0.007785354740917683,-0.0029343045316636562,0.0017669962253421545,0.00980717595666647,0.3333333333333333,0.0116234940745,0.4444444444444444,-0.001065047224983573
2020-01-15,PSX,-0.015603057108819485,-0.006000605411827564,-0.0007951095467433333,0.004235086031258106,0.012367312796413898,0.4444444444444444,-0.0160823603310014,0.4444444444444444,-0.00022115100000519305
2020-01-16,PSX,-0.016246315091848373,-0.006373938638716936,-0.0011730330297723413,0.003829269204288721,0.012040480971336365,0.4444444444444444,-0.0171004775326451,0.4444444444444444,-0.0005786875262856483
2020-01-17,PSX,-0.017488805577158928,-0.007362686563283205,-0.0018596232403069735,0.003402409376576543,0.011883663013577461,0.4444444444444444,-0.0072269886924066,0.4444444444444444,-0.000888150418177247
2020-01-21,PSX,-0.017549971118569374,-0.007848812267184258,-0.0025301838759332895,0.002535824431106448,0.010632527060806751,0.3333333333333333,-0.007718469364082,0.4444444444444444,-0.0012183762155473232
2020-01-22,PSX,-0.017820190638303757,-0.007949973456561565,-0.0026488755829632282,0.0024401850532740355,0.010678351856768131,0.3333333333333333,-0.0047938003869249,0.4444444444444444,-0.0017288972157984972
2020-01-23,PSX,-0.01717473194003105,-0.007903516292572021,-0.002784297103062272,0.0021903205197304487,0.01029766071587801,0.3333333333333333,0.0012647958335065,0.4444444444444444,-0.0013296427205204964
2020-01-24,PSX,-0.015447418205440044,-0.006254634354263544,-0.0012383022112771869,0.003668726421892643,0.011586668901145458,0.4444444444444444,-0.0104784635367822,0.4444444444444444,-0.000505684525705874
2020-01-27,PSX,-0.0165774617344141,-0.007143339607864618,-0.0018450934439897537,0.003315429436042905,0.011681604199111462,0.4444444444444444,-0.0179424571789433,0.4444444444444444,-0.0013100298820063472
2020-01-28,PSX,-0.017039725556969643,-0.007564968429505825,-0.0020610024221241474,0.003255206625908613,0.011656643822789192,0.4444444444444444,-0.0125103796343561,0.4444444444444444,-0.0014217306161299348
2020-01-29,PSX,-0.018015185371041298,-0.009181392379105091,-0.003858244512230158,0.0012831707717850804,0.00930982269346714,0.3333333333333333,-0.0083795119783297,0.3333333333333333,-0.0027802768163383007
2020-01-30,PSX,-0.01673433929681778,-0.008448367938399315,-0.0036262450739741325,0.0010720982681959867,0.00861261785030365,0.3333333333333333,0.0032458145794884,0.4444444444444444,-0.0022018474992364645
2020-01-31,PSX,-0.016701288521289825,-0.008057656697928905,-0.0030228805262595415,0.0019082732032984495,0.009683908894658089,0.3333333333333333,-0.0290987335332872,0.4444444444444444,-0.00232850038446486
2020-02-03,PSX,-0.016614127904176712,-0.006826292723417282,-0.0011601661099120975,0.0043026357889175415,0.012841131538152695,0.4444444444444444,-0.0350475949506091,0.4444444444444444,-0.0020810049027204514
2020-02-04,PSX,-0.017709897831082344,-0.0071490732952952385,-0.0009551409166306257,0.004937312565743923,0.013795903883874416,0.4444444444444444,-0.0192784919540495,0.3333333333333333,-0.003229433437809348
2020-02-05,PSX,-0.0212223120033741,-0.01080539170652628,-0.00479411706328392,0.0008094518561847508,0.009220168925821781,0.3333333333333333,0.0297929664506887,0.3333333333333333,-0.004962586332112551
2020-02-06,PSX,-0.026007577776908875,-0.013084620237350464,-0.00553576136007905,0.0013429892715066671,0.011676848866045475,0.3333333333333333,-0.0302343424388471,0.3333333333333333,-0.003611816093325615
2020-02-07,PSX,-0.02345040813088417,-0.011035594157874584,-0.0038105961866676807,0.002898201812058687,0.013218825682997704,0.3333333333333333,0.0074890443303246,0.3333333333333333,-0.0036999338772147894
2020-02-10,PSX,-0.02421356551349163,-0.01228015311062336,-0.005413656122982502,0.0008779167546890676,0.01050096657127142,0.3333333333333333,-0.0094800208977461,0.4444444444444444,-0.002943078987300396
2020-02-11,PSX,-0.021097177639603615,-0.009955120272934437,-0.003616966539993882,0.0023098434321582317,0.011407873593270779,0.3333333333333333,-0.0019185300047714,0.4444444444444444,-0.0028700458351522684
2020-02-12,PSX,-0.022360967472195625,-0.011823222041130066,-0.005974235944449902,-0.0005033891648054123,0.008171720430254936,0.2222222222222222,0.001978517496475,0.3333333333333333,-0.003954017534852028
2020-02-13,PSX,-0.018049146980047226,-0.007960690185427666,-0.002173762768507004,0.003322895150631666,0.011982076801359653,0.4444444444444444,-0.007495938618577,0.4444444444444444,-0.0025403890758752823
2020-01-02,DINO,-0.020979871973395348,-0.00903919618576765,-0.0013775016414001584,0.006299695931375027,0.01798323169350624,0.4444444444444444,0.0039731268269566,0.4444444444444444,-0.0017307390226051211
2020-01-03,DINO,-0.01895264908671379,-0.007361060939729214,-0.0003920381423085928,0.0066174850799143314,0.017673684284090996,0.4444444444444444,-0.0515720365348587,0.4444444444444444,-0.0005359936621971428
2020-01-06,DINO,-0.01969972997903824,-0.006516782566905022,0.001161460648290813,0.008685823529958725,0.020670263096690178,0.5555555555555556,-0.0093531589769551,0.5555555555555556,0.00031588273122906685
2020-01-07,DINO,-0.02198384515941143,-0.00933658704161644,-0.00158573011867702,0.006173504050821066,0.01815873198211193,0.4444444444444444,0.0111246946822473,0.4444444444444444,-0.0010812340769916773
2020-01-08,DINO,-0.023364204913377762,-0.010649620555341244,-0.0030481747817248106,0.004542491864413023,0.016326263546943665,0.4444444444444444,-0.0200764151266362,0.4444444444444444,-0.001690267468802631
2020-01-09,DINO,-0.021157875657081604,-0.008124188520014286,-0.000485178898088634,0.007106312084943056,0.019017843529582024,0.4444444444444444,0.0005669101634676,0.4444444444444444,-0.0007410397520288825
2020-01-10,DINO,-0.021391378715634346,-0.009315505623817444,-0.0019352437229827046,0.005476204212754965,0.016811199486255646,0.4444444444444444,0.0143235620888436,0.4444444444444444,-0.0007838222663849592
2020-01-13,DINO,-0.021830622106790543,-0.009177831001579762,-0.0018857305403798819,0.005406814627349377,0.01695103570818901,0.4444444444444444,-0.0146408698240511,0.4444444444444444,-0.0012230719439685345
2020-01-14,DINO,-0.02140316553413868,-0.008970610797405243,-0.0012645723763853312,0.006398211233317852,0.01817379705607891,0.4444444444444444,0.0054483319817253,0.4444444444444444,-0.00015152146806940436
2020-01-15,DINO,-0.021740948781371117,-0.008956792764365673,-0.0012494311667978764,0.0064286598935723305,0.018323373049497604,0.4444444444444444,-0.0409806836036036,0.4444444444444444,-0.0011314055882394314
2020-01-16,DINO,-0.02179507352411747,-0.00807956326752901,4.062126390635967e-05,0.00794428400695324,0.02057851105928421,0.5555555555555556,-0.0018902295507311,0.4444444444444444,-0.0006596776656806469
2020-01-17,DINO,-0.025176946073770523,-0.01210438646376133,-0.003994818776845932,0.0040411450900137424,0.016366224735975266,0.3333333333333333,-0.003443198794303,0.3333333333333333,-0.003907200880348682
2020-01-21,DINO,-0.023517180234193802,-0.010881245136260986,-0.0029398552142083645,0.004800430499017239,0.01649489440023899,0.4444444444444444,0.0002880271857669,0.4444444444444444,-0.0016107808332890272
2020-01-22,DINO,-0.022026268765330315,-0.01007839385420084,-0.0027580740861594677,0.004462537821382284,0.015603401698172092,0.4444444444444444,-0.0073819622547593,0.4444444444444444,-0.001020482275635004
2020-01-23,DINO,-0.022923551499843597,-0.010919531807303429,-0.0036234455183148384,0.0035789133980870247,0.014919593930244446,0.3333333333333333,-0.0075617784497988,0.4444444444444444,-0.0026921965181827545
2020-01-24,DINO,-0.02109956368803978,-0.00923236832022667,-0.0021019051782786846,0.005012978799641132,0.01624300517141819,0.4444444444444444,0.0136442209915221,0.4444444444444444,-0.0005875311326235533
2020-01-27,DINO,-0.02475971356034279,-0.011942929588258266,-0.0038955016061663628,0.004056079313158989,0.016245272010564804,0.3333333333333333,-0.033130333842341,0.3333333333333333,-0.0045221950858831406
2020-01-28,DINO,-0.021165069192647934,-0.00813984777778387,-7.208361057564616e-05,0.007837952114641666,0.020159978419542313,0.4444444444444444,0.0193522535627806,0.5555555555555556,0.0015747195575386286
2020-01-29,DINO,-0.02564075216650963,-0.013127140700817108,-0.005329773295670748,0.0023262533359229565,0.014210467226803303,0.3333333333333333,0.009361397748495,0.3333333333333333,-0.0065791793167591095
2020-01-30,DINO,-0.021536510437726974,-0.009603871963918209,-0.0020508833695203066,0.005459113512188196,0.01658683642745018,0.4444444444444444,-0.0214699067715758,0.4444444444444444,-0.0011320054763928056
2020-01-31,DINO,-0.01781599223613739,-0.005766724236309528,0.0017177871195599437,0.009107719175517559,0.020329926162958145,0.5555555555555556,0.0138085848677007,0.5555555555555556,0.0015013053780421615
2020-02-03,DINO,-0.026285959407687187,-0.013245507143437862,-0.005327550228685141,0.0023398869670927525,0.014103277586400509,0.3333333333333333,-0.0468768484082038,0.3333333333333333,-0.0039852638728916645
2020-02-04,DINO,-0.013626485131680965,-0.0025995448231697083,0.004476150497794151,0.011626538820564747,0.022989705204963684,0.6666666666666666,-0.0218638544310016,0.6666666666666666,0.0038323800545185804
2020-02-05,DINO,-0.02105758897960186,-0.00855659507215023,-0.000737670692615211,0.006952117662876844,0.018332036212086678,0.4444444444444444,0.0257704398918235,0.4444444444444444,-0.00020754535216838121
2020-02-06,DINO,-0.026908552274107933,-0.014477897435426712,-0.0064502679742872715,0.0014362571528181434,0.013117074966430664,0.3333333333333333,-0.0227873704680016,0.3333333333333333,-0.004393956623971462
2020-02-07,DINO,-0.016074171289801598,-0.004585959482938051,0.002780577167868614,0.010147237218916416,0.021814482286572456,0.5555555555555556,0.0066990515958051,0.4444444444444444,-0.0008100923150777817
2020-02-10,DINO,-0.02829759009182453,-0.015397652052342892,-0.007808024529367685,-0.0005606308695860207,0.010744155384600163,0.2222222222222222,-0.0097078543822077,0.4444444444444444,-0.0037961972411721945
2020-02-11,DINO,-0.0214222501963377,-0.008896966464817524,-0.0008736004820093513,0.007003393489867449,0.018699610605835915,0.4444444444444444,0.0228738506160103,0.4444444444444444,-0.0035088625736534595
2020-02-12,DINO,-0.029648667201399803,-0.016205186024308205,-0.0079858573153615,-0.00011759879998862743,0.011793558485805988,0.2222222222222222,0.0020011054821728,0.4444444444444444,-0.0038388732355087996
2020-02-13,DINO,-0.02239696867763996,-0.009720953181385994,-0.0016046206001192331,0.006452931556850672,0.01836991310119629,0.4444444444444444,-0.0261570987945738,0.4444444444444444,-0.0025714561343193054
2020-01-02,VLO,-0.015404370613396168,-0.006120110396295786,-0.0004611448384821415,0.005236546043306589,0.01440824568271637,0.4444444444444444,0.0056424550450081,0.5555555555555556,8.733039430808276e-05
2020-01-03,VLO,-0.014460267499089241,-0.00529073690995574,0.0002200463059125468,0.005799178034067154,0.014947611838579178,0.5555555555555556,-0.0262750463693449,0.5555555555555556,0.00022969777637626976
2020-01-06,VLO,-0.015489468351006508,-0.005826521664857864,0.00011365630780346692,0.00612272135913372,0.015686798840761185,0.5555555555555556,-0.0055520147526147,0.4444444444444444,-5.067138408776373e-05
2020-01-07,VLO,-0.01518622599542141,-0.005482060369104147,9.368377504870296e-05,0.005747823044657707,0.015148701146245003,0.5555555555555556,0.0170816415944452,0.4444444444444444,-0.00011059075768571347
2020-01-08,VLO,-0.015443258918821812,-0.005672095809131861,-5.324312951415777e-06,0.005738754291087389,0.015175728127360344,0.4444444444444444,-0.0030896246054714,0.5555555555555556,0.0003015312540810555
2020-01-09,VLO,-0.015541063621640205,-0.005561075173318386,7.755683327559382e-05,0.005820178892463446,0.01560150645673275,0.5555555555555556,0.012988334099444,0.5555555555555556,0.00016054041043389589
2020-01-10,VLO,-0.015507077798247337,-0.005727781914174557,0.0001085788244381547,0.006055525969713926,0.015726910904049873,0.5555555555555556,0.0217642324741546,0.5555555555555556,0.00044144480489194393
2020-01-13,VLO,-0.01569177210330963,-0.005570973269641399,0.0004226599994581193,0.0065720416605472565,0.016581671312451363,0.5555555555555556,-0.0151478675626703,0.5555555555555556,0.0003877269627992064
2020-01-14,VLO,-0.015917746350169182,-0.005556956864893436,0.00017265646602027118,0.006045646499842405,0.016219066455960274,0.5555555555555556,-0.0069247037497764,0.5555555555555556,0.00015539894229732454
2020-01-15,VLO,-0.015704376623034477,-0.005500770173966885,0.00025455738068558276,0.006124300416558981,0.016153354197740555,0.5555555555555556,-0.0359178311574303,0.4444444444444444,-8.270733815152198e-05
2020-01-16,VLO,-0.017701299861073494,-0.006429322529584169,-0.0003616320318542421,0.005775214172899723,0.016519954428076744,0.4444444444444444,-0.0128209448948944,0.4444444444444444,-0.0005055603687651455
2020-01-17,VLO,-0.017882704734802246,-0.006896526552736759,-0.0008603854803368449,0.0052149794064462185,0.015556888654828072,0.4444444444444444,-0.0121311482350624,0.4444444444444444,-0.00048788823187351227
2020-01-21,VLO,-0.01832224801182747,-0.007413253653794527,-0.0014177490957081318,0.004591773729771376,0.014860423281788826,0.4444444444444444,-0.0081519754496702,0.4444444444444444,-0.0009804407600313425
2020-01-22,VLO,-0.018144773319363594,-0.007360661868005991,-0.001456773141399026,0.0044863224029541016,0.014710203744471073,0.4444444444444444,-0.0071345441738933,0.4444444444444444,-0.001179982558824122
2020-01-23,VLO,-0.01732303947210312,-0.007650475483387709,-0.002067126799374819,0.003579459385946393,0.013160639442503452,0.4444444444444444,-0.0026334470860303,0.4444444444444444,-0.0014534227084368467
2020-01-24,VLO,-0.01715032197535038,-0.00763295404613018,-0.0018760253442451358,0.003982118796557188,0.013603845611214638,0.4444444444444444,0.0070252390055961,0.4444444444444444,-0.001314347144216299
2020-01-27,VLO,-0.016973210498690605,-0.007066052407026291,-0.0009915570262819529,0.005119214300066233,0.014910192228853703,0.4444444444444444,-0.0243023744755983,0.4444444444444444,-0.0006424328894354403
2020-01-28,VLO,-0.018162699416279793,-0.007924740202724934,-0.0015432005748152733,0.004788222722709179,0.014887848868966103,0.4444444444444444,-0.0046005588994913,0.4444444444444444,-0.0010331168305128813
2020-01-29,VLO,-0.01739664562046528,-0.00771732022985816,-0.0016895125154405832,0.004343424458056688,0.01399427279829979,0.4444444444444444,0.0070940152132502,0.4444444444444444,-0.0015099607408046722
2020-01-30,VLO,-0.017181942239403725,-0.0073112971149384975,-0.0014029060257598758,0.004552047234028578,0.014190426096320152,0.4444444444444444,0.0157255677982918,0.4444444444444444,-0.0009142723865807056
2020-01-31,VLO,-0.01633187010884285,-0.00639626057818532,-0.00040342003921978176,0.005652053281664848,0.015365145169198513,0.4444444444444444,-0.0172599672957549,0.4444444444444444,-0.0005087337922304869
2020-02-03,VLO,-0.01735796220600605,-0.007092283573001623,-0.0009269478032365441,0.00527661107480526,0.015403402969241142,0.4444444444444444,-0.0577150061240358,0.4444444444444444,-0.0007375612622126937
2020-02-04,VLO,-0.01945551484823227,-0.007882806472480297,-0.0010655280202627182,0.005684216972440481,0.01662370376288891,0.4444444444444444,-0.007005313311925,0.4444444444444444,-0.002023113425821066
2020-02-05,VLO,-0.019464120268821716,-0.008302388712763786,-0.002034507691860199,0.004164735786616802,0.014475470408797264,0.4444444444444444,0.0155671274160962,0.4444444444444444,-0.001699867774732411
2020-02-06,VLO,-0.018342532217502594,-0.006933547090739012,-0.0008941650157794356,0.0051440042443573475,0.015619627200067043,0.4444444444444444,-0.0106498882500453,0.4444444444444444,-0.0009614305454306304
2020-02-07,VLO,-0.018480682745575905,-0.007002989295870066,-0.0009624972008168697,0.00506624486297369,0.015579787082970142,0.4444444444444444,0.0161734755540181,0.4444444444444444,-0.0010142573155462742
2020-02-10,VLO,-0.017203692346811295,-0.005773359443992376,0.00034514511935412884,0.006442190147936344,0.01705631986260414,0.5555555555555556,-0.0057490561375428,0.4444444444444444,-0.0007066490361467004
2020-02-11,VLO,-0.018388956785202026,-0.0071948496624827385,-0.0009794109500944614,0.005200439132750034,0.015489309094846249,0.4444444444444444,0.0079428653001992,0.4444444444444444,-0.0011504176072776318
2020-02-12,VLO,-0.01742902211844921,-0.0064455196261405945,-0.0004986554267816246,0.005414049606770277,0.015469511970877647,0.4444444444444444,0.0010520941157389,0.4444444444444444,-0.000793878803960979
2020-02-13,VLO,-0.01654326170682907,-0.005908060818910599,4.714133683592081e-05,0.0060379039496183395,0.01615850441157818,0.5555555555555556,-0.0143265310904086,0.4444444444444444,-0.0005059535033069551
2020-01-02,PBF,-0.02443762868642807,-0.008859490975737572,-6.942407344467938e-05,0.008560050278902054,0.022529633715748787,0.4444444444444444,0.0014885075064719,0.5555555555555556,0.0006036499398760498
2020-01-03,PBF,-0.023681828752160072,-0.008025680668652058,0.0006731012836098671,0.009359407238662243,0.023854592815041542,0.5555555555555556,-0.0411671405687951,0.5555555555555556,0.0005979075795039535
2020-01-06,PBF,-0.02546982280910015,-0.009275058284401894,0.0002623011532705277,0.009777849540114403,0.02497429959475994,0.5555555555555556,0.0065968079017848,0.5555555555555556,0.0004565134586300701
2020-01-07,PBF,-0.023182014003396034,-0.007639099378138781,0.0011221370659768581,0.009853453375399113,0.02401380054652691,0.5555555555555556,0.027890506329305,0.5555555555555556,0.0006429314962588251
2020-01-08,PBF,-0.026065975427627563,-0.009917417541146278,-0.0006531477556563914,0.008551718667149544,0.022916745394468307,0.4444444444444444,-0.0084468745418983,0.5555555555555556,0.0007441465277224779
2020-01-09,PBF,-0.02524046041071415,-0.008954774588346481,5.450652679428458e-05,0.009045002982020378,0.02372926101088524,0.5555555555555556,0.0224278198635654,0.5555555555555556,0.0003964068600907922
2020-01-10,PBF,-0.02448931522667408,-0.008667673915624619,0.0005230765091255307,0.009723788127303123,0.024150794371962547,0.5555555555555556,0.0442594309302333,0.5555555555555556,0.0008441091049462557
2020-01-13,PBF,-0.026031065732240677,-0.009082199074327946,0.0007877533789724112,0.010694736614823341,0.02640809491276741,0.5555555555555556,-0.0175087751337544,0.5555555555555556,0.0006000063149258494
2020-01-14,PBF,-0.025594744831323624,-0.00822486262768507,0.0011999912094324827,0.010683903470635414,0.026858054101467133,0.5555555555555556,-0.000317994205725,0.5555555555555556,0.0006786793819628656
2020-01-15,PBF,-0.025569861754775047,-0.008432189002633095,0.001059426343999803,0.010525405406951904,0.026280710473656654,0.5555555555555556,-0.0515525137082057,0.5555555555555556,0.00047890126006677747
2020-01-16,PBF,-0.02832193672657013,-0.009121282957494259,0.0009161575580947101,0.011122302152216434,0.029037795960903168,0.5555555555555556,-0.0254639043616807,0.5555555555555556,0.0004574295016936958
2020-01-17,PBF,-0.028369994834065437,-0.009825137443840504,8.893414633348584e-05,0.010003515519201756,0.026747601106762886,0.5555555555555556,-0.0078713242241756,0.5555555555555556,0.00019581016385927796
2020-01-21,PBF,-0.027515549212694168,-0.009922929108142853,-0.0004793552798219025,0.008903664536774158,0.024713369086384773,0.4444444444444444,-0.0324229367735179,0.4444444444444444,-4.634156357496977e-05
2020-01-22,PBF,-0.030200451612472534,-0.011435868218541145,-0.0012513184919953346,0.008802018128335476,0.0254592876881361,0.4444444444444444,-0.01220204191028,0.4444444444444444,-6.708595901727676e-05
2020-01-23,PBF,-0.02867671102285385,-0.010836463421583176,-0.0009319641394540668,0.008780459873378277,0.0245823934674263,0.4444444444444444,-0.0249122704386193,0.4444444444444444,-0.0001344510237686336
2020-01-24,PBF,-0.02930961549282074,-0.011537479236721992,-0.0015254653990268707,0.008264908567070961,0.02401607111096382,0.4444444444444444,-0.0140457268828546,0.4444444444444444,-0.0004187299346085638
2020-01-27,PBF,-0.029151029884815216,-0.0112988306209445,-0.001064445124939084,0.00890022236853838,0.024772433564066887,0.4444444444444444,-0.0203930028943857,0.4444444444444444,-0.0005393787869252264
2020-01-28,PBF,-0.029303034767508507,-0.011944010853767395,-0.0017240185989066958,0.008297168649733067,0.024174422025680542,0.4444444444444444,0.0140618527390374,0.4444444444444444,-0.0005271534901112318
2020-01-29,PBF,-0.02720249630510807,-0.011033345013856888,-0.001220352598465979,0.008475080132484436,0.023454725742340088,0.4444444444444444,-0.0021376202864291,0.4444444444444444,-0.00016676733503118157
2020-01-30,PBF,-0.02690051682293415,-0.010560623370110989,-0.0008279848843812943,0.00878238771110773,0.02375192381441593,0.4444444444444444,0.0094848416480243,0.4444444444444444,-0.00038658519042655826
2020-01-31,PBF,-0.026087742298841476,-0.009886303916573524,-0.0003125070652458817,0.009071217849850655,0.023184850811958313,0.4444444444444444,0.0027371856569033,0.4444444444444444,-0.00022348968195728958
2020-02-03,PBF,-0.026733849197626114,-0.010176467709243298,-0.0005839235382154584,0.008879724889993668,0.02397327497601509,0.4444444444444444,-0.0644156883946886,0.5555555555555556,2.2898311726748943e-06
2020-02-04,PBF,-0.030623339116573334,-0.012175705283880234,-0.001485965447500348,0.008919961750507355,0.025361105799674988,0.4444444444444444,-0.0292189651130429,0.4444444444444444,-0.0006068161455914378
2020-02-05,PBF,-0.03080071322619915,-0.012573597021400928,-0.0018997997976839542,0.008457396179437637,0.02472195401787758,0.4444444444444444,0.0366240141314321,0.4444444444444444,-0.0008599242428317666
2020-02-06,PBF,-0.02916962467133999,-0.011435242369771004,-0.0011658924631774426,0.008971008472144604,0.02543654292821884,0.4444444444444444,-0.0176923740326042,0.4444444444444444,-0.00014567392645403743
2020-02-07,PBF,-0.02929515205323696,-0.011102059856057167,-0.0008723859209567308,0.009206571616232395,0.025733383372426033,0.4444444444444444,0.0389671229232289,0.4444444444444444,-0.00011498102685436606
2020-02-10,PBF,-0.027565941214561462,-0.008683214895427227,0.0015825704904273152,0.01212951261550188,0.03066173754632473,0.5555555555555556,0.0121226706385314,0.5555555555555556,0.0005607324419543147
2020-02-11,PBF,-0.029037214815616608,-0.010599606670439243,-0.0003114691353403032,0.009885632432997227,0.02669472247362137,0.4444444444444444,0.0033373397032347,0.5555555555555556,0.00019392278045415878
2020-02-12,PBF,-0.02604391798377037,-0.009201908484101295,-7.082222145982087e-05,0.008977634832262993,0.024184884503483772,0.4444444444444444,0.0237644853859183,0.5555555555555556,0.0002298932522535324
2020-02-13,PBF,-0.025222163647413254,-0.008054114878177643,0.00167920533567667,0.011291930451989174,0.026675915345549583,0.5555555555555556,-0.0107476260469456,0.5555555555555556,0.0007303751190192997
2020-01-02,MPC,-0.01873701997101307,-0.007658415473997593,-0.0012479923898354173,0.005202939733862877,0.01578637771308422,0.4444444444444444,0.0121864813059926,0.4444444444444444,-0.00053903873777017
2020-01-03,MPC,-0.017911260947585106,-0.006432687398046255,0.00017837516497820616,0.006757434923201799,0.017506593838334084,0.5555555555555556,-0.0423688216952429,0.4444444444444444,-0.00025497819297015667
2020-01-06,MPC,-0.019570957869291306,-0.0069165779277682304,0.0001740964944474399,0.007338314317166805,0.019443582743406296,0.5555555555555556,-0.0088586516547366,0.4444444444444444,-0.0005813941243104637
2020-01-07,MPC,-0.018745822831988335,-0.006696109659969807,-8.211651584133506e-05,0.00658958125859499,0.017884906381368637,0.4444444444444444,0.0217663156703937,0.4444444444444444,-0.0005573270027525723
2020-01-08,MPC,-0.020464880391955376,-0.008302569389343262,-0.0011951435590162873,0.0059979502111673355,0.017605571076273918,0.4444444444444444,-0.0212079226909226,0.4444444444444444,-0.0003383739967830479
2020-01-09,MPC,-0.019150905311107635,-0.0072071910835802555,-0.00023774142027832568,0.006752900779247284,0.017913734540343285,0.4444444444444444,0.0010165254061644,0.4444444444444444,-0.00040059443563222885
2020-01-10,MPC,-0.01905861869454384,-0.007183024659752846,-0.00038186029996722937,0.006432344205677509,0.01738269254565239,0.4444444444444444,0.0196021594176332,0.4444444444444444,-0.0003088297962676734
2020-01-13,MPC,-0.01970614492893219,-0.007246487773954868,-0.00019098431221209466,0.006856090389192104,0.018246566876769066,0.4444444444444444,-0.0224586216585473,0.4444444444444444,-4.62487805634737e-05
2020-01-14,MPC,-0.02083260379731655,-0.00795383844524622,-0.0007391720428131521,0.006414307281374931,0.018148409202694893,0.4444444444444444,0.006377791542285,0.4444444444444444,-0.0002287325623910874
2020-01-15,MPC,-0.019489403814077377,-0.006828937213867903,0.0001730219228193164,0.007099447771906853,0.018557945266366005,0.5555555555555556,-0.0328837624603484,0.4444444444444444,-0.00024489971110597253
2020-01-16,MPC,-0.02298448234796524,-0.008105218410491943,-0.00017876620404422283,0.007678676396608353,0.02114386111497879,0.4444444444444444,-0.0256844759838272,0.4444444444444444,-0.0007778310100547969
2020-01-17,MPC,-0.022603169083595276,-0.008835835382342339,-0.0010885733645409346,0.006454213988035917,0.018616093322634697,0.4444444444444444,-0.0171116015119502,0.4444444444444444,-0.0009433808736503124
2020-01-21,MPC,-0.02288847602903843,-0.008941816166043282,-0.0014289857354015112,0.005932297557592392,0.01833474449813366,0.4444444444444444,-0.0087146527849268,0.4444444444444444,-0.0008704643114469945
2020-01-22,MPC,-0.02245371788740158,-0.009539089165627956,-0.002407113090157509,0.0046434300020337105,0.016469918191432953,0.4444444444444444,-0.0039696278873309,0.4444444444444444,-0.0011219396255910397
2020-01-23,MPC,-0.021580463275313377,-0.008776431903243065,-0.0018234775634482503,0.005035354755818844,0.016646580770611763,0.4444444444444444,-0.0135831127322213,0.4444444444444444,-0.0009541277540847659
2020-01-24,MPC,-0.020904256030917168,-0.00873821321874857,-0.0019112915033474565,0.00486484682187438,0.016227630898356438,0.4444444444444444,0.0012009746760143,0.4444444444444444,-0.001258445787243545
2020-01-27,MPC,-0.020263712853193283,-0.00864076055586338,-0.001917544286698103,0.00480826897546649,0.015868522226810455,0.4444444444444444,-0.0036041120122403,0.4444444444444444,-0.0012791360495612025
2020-01-28,MPC,-0.020022116601467133,-0.008446473628282547,-0.0016326660988852382,0.00513251731172204,0.015988459810614586,0.4444444444444444,-0.0145296960368328,0.4444444444444444,-0.0009533667471259832
2020-01-29,MPC,-0.020129168406128883,-0.008594307117164135,-0.0017944453284144402,0.004960201680660248,0.015931975096464157,0.4444444444444444,0.013884960345904,0.4444444444444444,-0.0013071318389847875
2020-01-30,MPC,-0.019536416977643967,-0.007935548201203346,-0.0012363044079393148,0.0054593319073319435,0.01627335511147976,0.4444444444444444,0.009066926937494,0.4444444444444444,-0.0007849017274565995
2020-01-31,MPC,-0.019399093464016914,-0.007905591279268265,-0.0009556232835166156,0.00600346177816391,0.016927186399698257,0.4444444444444444,0.0238248739480349,0.4444444444444444,-0.0008571649086661637
2020-02-03,MPC,-0.01836589351296425,-0.006775359157472849,0.00034551043063402176,0.007504601031541824,0.018617060035467148,0.5555555555555556,-0.0519910194740216,0.4444444444444444,-0.0004410941037349403
2020-02-04,MPC,-0.02170574478805065,-0.008176553063094616,-0.000433548993896693,0.007330401334911585,0.020291874185204506,0.4444444444444444,0.0093416172849979,0.4444444444444444,-0.0005884376587346196
2020-02-05,MPC,-0.02110431157052517,-0.008428157307207584,-0.0012295767664909363,0.005960318259894848,0.01785002090036869,0.4444444444444444,0.0265975585937965,0.4444444444444444,-0.0005791334551759064
2020-02-06,MPC,-0.021110335364937782,-0.008046528324484825,-0.0004566033894661814,0.007219015154987574,0.019779492169618607,0.4444444444444444,-0.0054186964913056,0.4444444444444444,-0.00034755628439597785
2020-02-07,MPC,-0.02039281092584133,-0.007741007022559643,-0.0007633182103745639,0.006186440121382475,0.017873181030154228,0.4444444444444444,-0.0075389809517221,0.4444444444444444,-0.00044841578346677125
2020-02-10,MPC,-0.019317712634801865,-0.006493155844509602,0.00035346444929018617,0.007135963067412376,0.018782638013362885,0.5555555555555556,-0.0020113574159141,0.4444444444444444,-0.00033788170549087226
2020-02-11,MPC,-0.020371390506625175,-0.007636873051524162,-0.0005509361508302391,0.006370364222675562,0.01761460490524769,0.4444444444444444,0.0286067224634843,0.4444444444444444,-0.00042279603076167405
2020-02-12,MPC,-0.021890457719564438,-0.008277665823698044,-0.0008000368252396584,0.006636005360633135,0.01927039958536625,0.4444444444444444,0.0300155273712038,0.4444444444444444,-0.0003077662840951234
2020-02-13,MPC,-0.019911201670765877,-0.007246973924338818,0.00015184312360361218,0.007639610208570957,0.019836507737636566,0.5555555555555556,0.0110231745533239,0.4444444444444444,-1.619633985683322e-05
2020-01-02,DK,-0.025007521733641624,-0.010148148983716965,-0.0005261850892566144,0.009128112345933914,0.023611996322870255,0.4444444444444444,-0.0006428831027425,0.4444444444444444,-0.00044755652197636664
2020-01-03,DK,-0.024010704830288887,-0.00907764583826065,0.00044795317808166146,0.010065076872706413,0.024862363934516907,0.5555555555555556,-0.020480190847832,0.4444444444444444,-0.0004281756700947881
2020-01-06,DK,-0.024301650002598763,-0.009581209160387516,9.06360219232738e-06,0.009626503102481365,0.024136144667863846,0.5555555555555556,-0.0048586481894451,0.4444444444444444,-0.0012937015853822231
2020-01-07,DK,-0.022965362295508385,-0.008457192219793797,0.0007585228886455297,0.010060573928058147,0.024384083226323128,0.5555555555555556,0.0179462921909468,0.4444444444444444,-0.0005467516602948308
2020-01-08,DK,-0.024330666288733482,-0.009555444121360779,0.00010100306826643646,0.009821617044508457,0.024258805438876152,0.5555555555555556,-0.0192712637904327,0.4444444444444444,-0.0002637180732563138
2020-01-09,DK,-0.024221371859312057,-0.00954938679933548,-4.6244647819548845e-05,0.00946425087749958,0.02379387989640236,0.4444444444444444,-0.0006370982628731,0.4444444444444444,-0.0007599092787131667
2020-01-10,DK,-0.023635800927877426,-0.009513521566987038,-0.00034619931830093265,0.008905273862183094,0.02279517985880375,0.4444444444444444,0.0084720843102701,0.4444444444444444,-0.0005218976875767112
2020-01-13,DK,-0.02297413907945156,-0.008663459680974483,0.00032933620968833566,0.00933031179010868,0.02310164086520672,0.5555555555555556,-0.0203299716821783,0.4444444444444444,-0.0003170353011228144
2020-01-14,DK,-0.0240765530616045,-0.009327858686447144,-3.814860247075558e-05,0.009332632645964622,0.02382434904575348,0.4444444444444444,-0.011689021155462,0.4444444444444444,-0.0005398179055191576
2020-01-15,DK,-0.024280719459056854,-0.009634701535105705,-0.0003495432320050895,0.00896100327372551,0.0233668964356184,0.4444444444444444,-0.0463778948461058,0.4444444444444444,-0.0006455300026573241
2020-01-16,DK,-0.02581978403031826,-0.010167840868234634,-0.000343382969731465,0.009380741976201534,0.0244037713855505,0.4444444444444444,-0.0092377391528746,0.4444444444444444,-0.0013261809945106506
2020-01-17,DK,-0.026097940281033516,-0.010987618938088417,-0.0013025638181716204,0.008245967328548431,0.02269047684967518,0.4444444444444444,-0.0128388096848544,0.4444444444444444,-0.0011759797343984246
2020-01-21,DK,-0.026856308802962303,-0.01171903032809496,-0.0020030084997415543,0.007582194171845913,0.022122781723737717,0.4444444444444444,-0.015992750325771,0.4444444444444444,-0.0017096088267862797
2020-01-22,DK,-0.026941049844026566,-0.01183179672807455,-0.00255010393448174,0.006675385870039463,0.02127831242978573,0.4444444444444444,-0.0018188731669577,0.4444444444444444,-0.0019117010524496436
2020-01-23,DK,-0.02576056495308876,-0.010996455326676369,-0.0019198578083887696,0.007141777779906988,0.021494299173355103,0.4444444444444444,-0.0138023623109692,0.4444444444444444,-0.0015400091651827097
2020-01-24,DK,-0.02562522143125534,-0.01085444912314415,-0.0016909288242459297,0.007477104663848877,0.022054722532629967,0.4444444444444444,0.0234581520229125,0.4444444444444444,-0.001752468291670084
2020-01-27,DK,-0.02613585628569126,-0.011158986017107964,-0.0014233692781999707,0.008382398635149002,0.02316594123840332,0.4444444444444444,-0.0279188167580793,0.4444444444444444,-0.00108035234734416
2020-01-28,DK,-0.026894688606262207,-0.011406861245632172,-0.0013337028212845325,0.00866375770419836,0.023630822077393532,0.4444444444444444,-0.007005578166517,0.4444444444444444,-0.0018138567684218287
2020-01-29,DK,-0.026143331080675125,-0.011682587675750256,-0.0022829268127679825,0.007104875985532999,0.021499162539839745,0.4444444444444444,-0.0059120717277126,0.4444444444444444,-0.0026564032305032015
2020-01-30,DK,-0.024960191920399666,-0.010708332061767578,-0.0015310423914343119,0.0076181101612746716,0.0216852854937315,0.4444444444444444,-0.0211756084662381,0.4444444444444444,-0.001648744335398078
2020-01-31,DK,-0.026551440358161926,-0.012007967568933964,-0.0025047380477190018,0.006922430824488401,0.02114732377231121,0.4444444444444444,-0.0096567952114003,0.4444444444444444,-0.00307199964299798
2020-02-03,DK,-0.02678714133799076,-0.012227760627865791,-0.002785919001325965,0.006534775253385305,0.020733913406729698,0.4444444444444444,-0.0455781655709846,0.4444444444444444,-0.0028741154819726944
2020-02-04,DK,-0.027117827907204628,-0.012055803090333939,-0.002289974596351385,0.007314569316804409,0.02166902832686901,0.4444444444444444,-0.0191454933146387,0.4444444444444444,-0.0038170795887708664
2020-02-05,DK,-0.028465624898672104,-0.013643793761730194,-0.004095698706805706,0.005226652137935162,0.019443294033408165,0.4444444444444444,0.0414361586371178,0.4444444444444444,-0.003791714319959283
2020-02-06,DK,-0.028172200545668602,-0.012925569899380207,-0.002991834655404091,0.006877850741147995,0.02177106961607933,0.4444444444444444,-0.0114761605399163,0.4444444444444444,-0.0024943635798990726
2020-02-07,DK,-0.02777239680290222,-0.01272219605743885,-0.002950514666736126,0.006728896871209145,0.02159855142235756,0.4444444444444444,0.021883295725307,0.4444444444444444,-0.0029237447306513786
2020-02-10,DK,-0.028050579130649567,-0.012411952950060368,-0.0024439848493784666,0.007354099303483963,0.022303003817796707,0.4444444444444444,0.005815561591038,0.4444444444444444,-0.002423015423119068
2020-02-11,DK,-0.02624516747891903,-0.011205622926354408,-0.0014680807944387197,0.008124051615595818,0.02251509390771389,0.4444444444444444,-0.0146481900515266,0.4444444444444444,-0.0023061526007950306
2020-02-12,DK,-0.02677038311958313,-0.011959866620600224,-0.00231643533334136,0.007229213137179613,0.02167525887489319,0.4444444444444444,-0.0004748584700401,0.4444444444444444,-0.00281360256485641
2020-02-13,DK,-0.02557709999382496,-0.010963398963212967,-0.0016587937716394663,0.0075666639022529125,0.021916408091783524,0.4444444444444444,0.0057932169762646,0.4444444444444444,-0.0023270794190466404
2020-01-02,CVI,-0.018635906279087067,-0.007862136699259281,-0.001256068586371839,0.00540324579924345,0.015961892902851105,0.4444444444444444,-0.0042420055284231,0.5555555555555556,0.00014507847663480788
2020-01-03,CVI,-0.016917318105697632,-0.006057176273316145,0.00020085173309780657,0.006417373660951853,0.016758762300014496,0.5555555555555556,0.0029226617133115,0.5555555555555556,0.0006446011830121279
2020-01-06,CVI,-0.016921527683734894,-0.0063931578770279884,-0.0002529673802200705,0.005939843133091927,0.016136793419718742,0.4444444444444444,-0.0115818996363311,0.5555555555555556,0.0003464053734205663
2020-01-07,CVI,-0.015722764655947685,-0.005514518823474646,0.0002053269126918167,0.00600842759013176,0.016085313633084297,0.5555555555555556,0.0182367287990092,0.5555555555555556,0.0004317637358326465
2020-01-08,CVI,-0.0220589991658926,-0.010255534201860428,-0.003222239436581731,0.003891671309247613,0.015365737490355968,0.4444444444444444,-0.0218859893038506,0.5555555555555556,0.00011994455417152494
2020-01-09,CVI,-0.016422126442193985,-0.004560550209134817,0.0021891880314797163,0.008885453455150127,0.02033751830458641,0.5555555555555556,0.003814348578152,0.5555555555555556,0.0005727338721044362
2020-01-10,CVI,-0.017799396067857742,-0.0067347134463489056,-0.00043694302439689636,0.006043551955372095,0.016948092728853226,0.4444444444444444,-0.002185691378918,0.5555555555555556,0.00023903793771751225
2020-01-13,CVI,-0.016410835087299347,-0.005707785487174988,0.0005063742282800376,0.006690393667668104,0.016918588429689407,0.5555555555555556,-0.0045202110720553,0.5555555555555556,0.00031764109735377133
2020-01-14,CVI,-0.01741257682442665,-0.006569738499820232,-0.00033239234471693635,0.005984928458929062,0.01668984815478325,0.4444444444444444,-0.0176817668329993,0.4444444444444444,-4.186815567663871e-05
2020-01-15,CVI,-0.017824066802859306,-0.006592695135623217,5.4747535614296794e-05,0.006688339170068502,0.01784437708556652,0.5555555555555556,-0.0216226717269786,0.4444444444444444,-0.00025446340441703796
2020-01-16,CVI,-0.018547672778367996,-0.00732779735699296,-0.0007889377884566784,0.005752702709287405,0.01679966412484646,0.4444444444444444,-0.0187819292139562,0.4444444444444444,-0.0005920858820900321
2020-01-17,CVI,-0.02061392180621624,-0.009194069541990757,-0.0023838854394853115,0.004406713414937258,0.015611588954925537,0.4444444444444444,-0.0247748855093862,0.4444444444444444,-0.001131033874116838
2020-01-21,CVI,-0.02255781553685665,-0.01073305681347847,-0.003600807162001729,0.0034640661906450987,0.014973629266023636,0.3333333333333333,-0.0074876764169957,0.4444444444444444,-0.002052856609225273
2020-01-22,CVI,-0.021324601024389267,-0.010494103655219078,-0.003895472502335906,0.0027816209476441145,0.013788814656436443,0.3333333333333333,0.001536214422058,0.4444444444444444,-0.0017291950061917305
2020-01-23,CVI,-0.019904201850295067,-0.009671630337834358,-0.003551844507455826,0.002596780890598893,0.01273322943598032,0.3333333333333333,-0.0149639422591513,0.4444444444444444,-0.0014866911806166172
2020-01-24,CVI,-0.020548641681671143,-0.00992667768150568,-0.0034655185882002115,0.0030751810409128666,0.013818001374602318,0.3333333333333333,-0.005711598608058,0.4444444444444444,-0.0017198887653648853
2020-01-27,CVI,-0.01961352489888668,-0.009834921918809414,-0.0036022416315972805,0.002707295585423708,0.012796557508409023,0.3333333333333333,-0.0260703093177367,0.4444444444444444,-0.0019911210983991623
2020-01-28,CVI,-0.02132912166416645,-0.010392798110842705,-0.0034447102807462215,0.003488595597445965,0.014578107744455338,0.3333333333333333,0.0078671057395352,0.4444444444444444,-0.0019474453292787075
2020-01-29,CVI,-0.021541869267821312,-0.011058546602725983,-0.00440815556794405,0.0023680829908698797,0.013333972543478012,0.3333333333333333,-0.0205815167048743,0.4444444444444444,-0.0023534109350293875
2020-01-30,CVI,-0.018172618001699448,-0.007915126159787178,-0.0015006618341431022,0.004807590041309595,0.014655856415629387,0.4444444444444444,0.0139196088512966,0.4444444444444444,-0.001780082588084042
2020-01-31,CVI,-0.0240595992654562,-0.013142098672688007,-0.006186399143189192,0.0008554644882678986,0.011931601911783218,0.3333333333333333,-0.0019441763210777,0.4444444444444444,-0.0016570782754570246
2020-02-03,CVI,-0.01921115815639496,-0.00884945597499609,-0.002398556564003229,0.00410184683278203,0.014311980456113815,0.4444444444444444,-0.0182896600374068,0.4444444444444444,-0.000671743880957365
2020-02-04,CVI,-0.019250638782978058,-0.009245730005204678,-0.0028918692842125893,0.003536226926371455,0.013608217239379883,0.4444444444444444,-0.0275927888395068,0.4444444444444444,-0.0012388662435114384
2020-02-05,CVI,-0.020906196907162666,-0.009894962422549725,-0.0027299467474222183,0.004277107305824757,0.014988799579441547,0.4444444444444444,0.0185959019656214,0.4444444444444444,-0.003056644694879651
2020-02-06,CVI,-0.0240520928055048,-0.012621596455574036,-0.005271041765809059,0.0021429620683193207,0.013455462642014027,0.3333333333333333,-0.0320411313736651,0.4444444444444444,-0.0014765765517950058
2020-02-07,CVI,-0.01995297335088253,-0.007561434991657734,0.00023717654403299093,0.007818655110895634,0.0196703914552927,0.5555555555555556,0.0123462123736995,0.4444444444444444,-0.0019272384233772755
2020-02-10,CVI,-0.02341577038168907,-0.011789224110543728,-0.004449938889592886,0.0028425485361367464,0.01392493024468422,0.3333333333333333,0.0202390327472921,0.4444444444444444,-0.002158157993108034
2020-02-11,CVI,-0.023360157385468483,-0.010510881431400776,-0.0025404191110283136,0.00521887419745326,0.017001859843730927,0.4444444444444444,0.0053582702292852,0.4444444444444444,-0.0007065066020004451
2020-02-12,CVI,-0.02099411003291607,-0.009581240825355053,-0.00268368236720562,0.004138873890042305,0.014824875630438328,0.4444444444444444,-0.0175211690654669,0.4444444444444444,-0.0007430316763930023
2020-02-13,CVI,-0.01706737093627453,-0.005973001942038536,0.0009481462766416371,0.007648798171430826,0.018009694293141365,0.5555555555555556,-0.0131990311875406,0.4444444444444444,-0.0004551262245513499
