,Strategy
2016-01-04,0.0
2016-01-05,0.0
2016-01-06,0.0
2016-01-07,0.0
2016-01-08,0.0
2016-01-11,0.0
2016-01-12,0.0
2016-01-13,0.0
2016-01-14,0.0
2016-01-15,0.0
2016-01-19,0.0
2016-01-20,0.0
2016-01-21,0.0
2016-01-22,0.0
2016-01-25,0.0
2016-01-26,0.0
2016-01-27,0.0
2016-01-28,0.0
2016-01-29,0.0
2016-02-01,-0.00023594268216246443
2016-02-02,-0.011783520821489542
2016-02-03,0.003839692145730711
2016-02-04,0.0010104583591742005
2016-02-05,-0.012273326823969321
2016-02-08,-0.008503268555724646
2016-02-09,3.559768768491486e-05
2016-02-10,-0.0005729821471313333
2016-02-11,-0.008645560841820174
2016-02-12,0.013678291549996993
2016-02-16,0.011275728922608806
2016-02-17,0.010891354615420784
2016-02-18,-0.002812227512267112
2016-02-19,-0.00032059425643465444
2016-02-22,0.01017241509873452
2016-02-23,-0.008700671992935692
2016-02-24,0.00322745955033908
2016-02-25,0.00885368589075739
2016-02-26,-0.0016911509420799737
2016-02-29,-0.005889808878354676
2016-03-01,0.0
2016-03-02,0.0
2016-03-03,0.0
2016-03-04,0.0
2016-03-07,0.0
2016-03-08,0.0
2016-03-09,0.0
2016-03-10,0.0
2016-03-11,0.0
2016-03-14,0.0
2016-03-15,0.0
2016-03-16,0.0
2016-03-17,0.0
2016-03-18,0.0
2016-03-21,0.0
2016-03-22,0.0
2016-03-23,0.0
2016-03-24,0.0
2016-03-28,0.0
2016-03-29,0.0
2016-03-30,0.0
2016-03-31,0.0
2016-04-01,0.006811885638901399
2016-04-04,-0.0032379032580056
2016-04-05,-0.0099877809757316
2016-04-06,0.010921243535621098
2016-04-07,-0.011966642185522
2016-04-08,0.002696892053164
2016-04-11,-0.0023465942239828
2016-04-12,0.0093129405426437
2016-04-13,0.0101007722303727
2016-04-14,4.809531334060146e-05
2016-04-15,-0.0011055346063674
2016-04-18,0.0070262374466489
2016-04-19,0.0031544498472086
2016-04-20,0.0009529425062584
2016-04-21,-0.005378482105122
2016-04-22,0.0
2016-04-25,-0.0017227927239273
2016-04-26,0.0014862507385837
2016-04-27,0.0020580454791945
2016-04-28,-0.0090756649430833
2016-04-29,-0.0053989650879737
2016-05-02,0.0079484263224847
2016-05-03,-0.0087032262794789
2016-05-04,-0.00557840943938
2016-05-05,-0.0001951871304048
2016-05-06,0.0036594216899268
2016-05-09,0.0008262455538228
2016-05-10,0.0124337843866275
2016-05-11,-0.0093544644110319
2016-05-12,0.0002902331458429
2016-05-13,-0.0087142063422366
2016-05-16,0.0098653880159651
2016-05-17,-0.0093333406292807
2016-05-18,0.000292483182217
2016-05-19,-0.0034648596911942995
2016-05-20,0.006317378754852
2016-05-23,-0.0013625062983905
2016-05-24,0.0129622138478215
2016-05-25,0.0067831756369702
2016-05-26,0.00028646365679
2016-05-27,0.0042993276466534
2016-05-31,-0.0019023759666929
2016-06-01,0.0020491938328355
2016-06-02,0.0030437594986691004
2016-06-03,-0.0029875171971923005
2016-06-06,0.0050886936263767005
2016-06-07,0.0015613087086233997
2016-06-08,0.0032597817846753
2016-06-09,-0.0013654717309041
2016-06-10,-0.009477962988698
2016-06-13,-0.0077115048878203
2016-06-14,-0.0019667035520513
2016-06-15,-0.0013940642801071003
2016-06-16,0.0029842013429468
2016-06-17,-0.0037240875701013
2016-06-20,0.0064399014341056
2016-06-21,-0.00036019648589298396
2016-06-22,0.006586024461804867
2016-06-23,0.0130227593488929
2016-06-24,-0.0359093016416257
2016-06-27,-0.0179098210916793
2016-06-28,0.01698444803745011
2016-06-29,0.014794032003495137
2016-06-30,0.011128994925362113
2016-07-01,0.0016568943649700383
2016-07-05,-0.002600731727039204
2016-07-06,0.023348779492448412
2016-07-07,-0.0008206551209712838
2016-07-08,0.006123885291994036
2016-07-11,-0.0062523078531123285
2016-07-12,0.005486335702633148
2016-07-13,-0.0001069514361587931
2016-07-14,0.004325666295564658
2016-07-15,-0.0010399487473263453
2016-07-18,0.0020829486605867
2016-07-19,-0.0007883461811184666
2016-07-20,0.003240349146870861
2016-07-21,-0.0029468687697549404
2016-07-22,0.0034802044421836592
2016-07-25,-0.002109708225448265
2016-07-26,0.00036505119762225176
2016-07-27,-0.0010609081637664
2016-07-28,0.0011545400217158
2016-07-29,0.0016143766396916
2016-08-01,-0.0009714607566837666
2016-08-02,-0.043377017876621925
2016-08-03,0.0029223410757898997
2016-08-04,0.001064284098478
2016-08-05,0.0081787701379367
2016-08-08,-0.000595930670587
2016-08-09,-0.001
2016-08-10,-0.0064495701270569005
2016-08-11,0.019041434465576098
2016-08-12,-0.001
2016-08-15,-0.0026102415417201
2016-08-16,-0.0051572807945662
2016-08-17,0.0018807521336242999
2016-08-18,0.0022439437247552
2016-08-19,-0.0014620533518443003
2016-08-22,-4.570241173029732e-05
2016-08-23,0.0020132055754913
2016-08-24,-0.005114983918065
2016-08-25,-0.0006882818215517999
2016-08-26,-0.0018834912635026
2016-08-29,0.0049246221982628
2016-08-30,-0.0016489339983728
2016-08-31,-0.0028440112295002
2016-09-01,4.602849311652335e-05
2016-09-02,0.0031064514807169785
2016-09-06,0.0031993500453373507
2016-09-07,-9.111878202006096e-05
2016-09-08,-0.0022830720547659
2016-09-09,-0.0239350815585301
2016-09-12,0.014347521405255298
2016-09-13,-0.014375665356532098
2016-09-14,-0.00037472430907480004
2016-09-15,0.007195460541794057
2016-09-16,-0.002911432195692943
2016-09-19,-0.0001587611123839693
2016-09-20,-0.00814807971769482
2016-09-21,0.0112454884727557
2016-09-22,0.0063011919851625
2016-09-23,-0.0054788651587542
2016-09-26,-0.0081022923462473
2016-09-27,0.0062079253797626
2016-09-28,0.0049635408020485
2016-09-29,-0.0090473583704331
2016-09-30,0.007546400467176301
2016-10-03,-0.002404355488241
2016-10-04,-0.005097780229615901
2016-10-05,0.0044251568985511
2016-10-06,0.0006956654223615
2016-10-07,-0.0034291955927547
2016-10-10,0.0052081606724883
2016-10-11,-0.0126298522074792
2016-10-12,0.0013125498776034
2016-10-13,-0.0032758255966425006
2016-10-14,0.0005163571375339
2016-10-17,-0.0034719128903715
2016-10-18,0.004283301792475342
2016-10-19,0.014700291431819808
2016-10-20,-0.0018665184602224
2016-10-21,0.0004672944193389
2016-10-24,0.0025348369892394603
2016-10-25,-0.010010176585819828
2016-10-26,-0.0020075920947386
2016-10-27,-0.0026667871016767
2016-10-28,-0.0029552117297122
2016-10-31,-0.00022927208432411373
2016-11-01,-0.011663833504814118
2016-11-02,-0.0060185267874444
2016-11-03,-0.0045772705878643
2016-11-04,-0.0011015766587341
2016-11-07,0.0220571932529314
2016-11-08,0.0045037925686588
2016-11-09,0.0106019688813294
2016-11-10,-0.0004174055461201172
2016-11-11,-0.018438532731386566
2016-11-14,0.0007852908775729001
2016-11-15,0.00046718013337226525
2016-11-16,0.022491728847299067
2016-11-17,0.005140836715380199
2016-11-18,-0.0022377092611287
2016-11-21,0.0075515611794023
2016-11-22,0.0019531396677765
2016-11-23,0.0005440109711294
2016-11-25,0.0037156287425732
2016-11-28,-0.0046949148026483
2016-11-29,0.0019501356773876
2016-11-30,-0.0023990053434622
2016-12-01,-0.0036756885301267002
2016-12-02,0.0005007682359587
2016-12-05,0.006009124391205401
2016-12-06,0.0031675271713773
2016-12-07,0.013080513174692898
2016-12-08,0.0024487955721901
2016-12-09,0.0060403931999799
2016-12-12,-0.0011477541134592
2016-12-13,0.0066739578531287
2016-12-14,-0.0082542397316082
2016-12-15,0.0041171203957068
2016-12-16,-0.0019558279015663
2016-12-19,0.0021775141720616
2016-12-20,0.0038577534426231
2016-12-21,-0.0027828425023863003
2016-12-22,-0.0017271727706643
2016-12-23,0.0014639402096989
2016-12-27,0.0024811218394706
2016-12-28,-0.0082645951402047
2016-12-29,-0.0002226490033365
2016-12-30,-0.0036550297267557
2017-01-03,0.0076500507199224
2017-01-04,0.0059490859181898
2017-01-05,-0.0007942769006991999
2017-01-06,0.0035777507803691
2017-01-09,-0.0033011527977153
2017-01-10,0.0
2017-01-11,0.0028263554366720002
2017-01-12,-0.0025099045587234
2017-01-13,0.0022953525216304
2017-01-17,-0.0035236077359334
2017-01-18,0.002209924985502
2017-01-19,-0.0037043408059015
2017-01-20,0.0036740695679333
2017-01-23,-0.0026019679613888
2017-01-24,0.0064113875608404
2017-01-25,0.0086556492187288
2017-01-26,-0.0010453708984261
2017-01-27,-0.0015700440557151
2017-01-30,-0.0062019053241137
2017-01-31,-8.760929609175072e-05
2017-02-01,0.00039559684324139995
2017-02-02,0.0002771697644950515
2017-02-03,0.006376982358098705
2017-02-06,-0.0016575016350773484
2017-02-07,4.36177807072724e-05
2017-02-08,0.0007785821327652495
2017-02-09,0.002611097612120431
2017-02-10,0.007541305608709219
2017-02-13,0.010882191877689684
2017-02-14,0.002985487929679574
2017-02-15,0.005299480316024353
2017-02-16,-0.003712049891940963
2017-02-17,0.001973507832922496
2017-02-21,0.007384165193937613
2017-02-22,-0.0008881863444096
2017-02-23,0.0006772223799629
2017-02-24,0.0012687644309437
2017-02-27,0.0015627071615331
2017-02-28,-0.0026988858384483
2017-03-01,0.0139973877561756
2017-03-02,-0.0062973222339449
2017-03-03,0.0006295099301911
2017-03-06,-0.0029781171103635
2017-03-07,-0.0018681327901935846
2017-03-08,-0.008719764415059882
2017-03-09,0.0035880038447760475
2017-03-10,0.003504143444619
2017-03-13,0.0001863187920911457
2017-03-14,-0.0022636611289530654
2017-03-15,0.006387278507767753
2017-03-16,-0.0019668811328669
2017-03-17,-0.0015960816588368077
2017-03-20,-0.0032395750747784423
2017-03-21,-0.010630946075574521
2017-03-22,0.0023530848411497
2017-03-23,-0.0010671618714359
2017-03-24,-0.0007841470354115032
2017-03-27,-0.0009587207561448568
2017-03-28,0.006060224311609733
2017-03-29,0.000934874148307
2017-03-30,0.002298384920201865
2017-03-31,-0.00460291352932799
2017-04-03,0.002029625034071612
2017-04-04,0.0006373804649911998
2017-04-05,-0.0029727218896528
2017-04-06,0.0028113738999122
2017-04-07,-0.0010190780225118
2017-04-10,0.000595162121264
2017-04-11,-0.0010316276285365666
2017-04-12,0.005372534727891402
2017-04-13,-0.0064947764261674
2017-04-17,0.0088601328683144
2017-04-18,-0.0013307588484103496
2017-04-19,0.01814692802666464
2017-04-20,0.0081393273252303
2017-04-21,-0.0013644858880185495
2017-04-25,-0.01627379780980557
2017-04-26,-0.001541847713021402
2017-04-27,0.0008388719921197
2017-04-28,-0.0021792390768858
2017-05-01,0.0025199243948770002
2017-05-02,0.0003771786286579
2017-05-03,-0.0012146085251353
2017-05-04,0.0011741745065485
2017-05-05,0.00393708534668
2017-05-08,-0.0001668644741131
2017-05-09,-0.000918091333347
2017-05-10,0.0017959064767574
2017-05-11,-0.0020427696364588
2017-05-12,-0.0016708754644985
2017-05-15,0.0055234120052423
2017-05-16,-0.0009155729415717
2017-05-17,-0.0177440755903923
2017-05-18,0.0040284040316276
2017-05-19,0.0065043403268729
2017-05-22,0.0050772950815858
2017-05-23,0.0022128181532194
2017-05-24,0.0023329166215233
2017-05-25,0.0047793012303245
2017-05-26,-0.00020642122872020001
2017-05-30,-0.0008690992272093
2017-05-31,-0.0002482490137984
2017-06-01,0.0079522817905421
2017-06-02,0.0033283858142261
2017-06-05,-0.000737251707246
2017-06-06,-0.0031968981138104004
2017-06-07,0.0018504770281755
2017-06-08,-0.0007512931736641334
2017-06-09,-0.030807081139679417
2017-06-12,-0.0002051665387688
2017-06-13,0.0048897213247858
2017-06-14,-0.0012677144895132
2017-06-15,-0.0019241585975853
2017-06-16,0.0002184344529889
2017-06-19,0.0083250385821405
2017-06-20,-0.0067440121876636
2017-06-21,-0.000246950393236
2017-06-22,-0.0004527941551064
2017-06-23,0.0011942249155079
2017-06-26,0.0006582333949121
2017-06-27,-0.0080564175235322
2017-06-28,0.0089505071421926
2017-06-29,-0.0087886880198425
2017-06-30,0.0018641772080629
2017-07-03,0.0016959511176745997
2017-07-05,0.002311952508166
2017-07-06,-0.0091443211228963
2017-07-07,0.0064849145405292
2017-07-10,0.0010738552306883
2017-07-11,-0.0007425184778868999
2017-07-12,0.007514575079809299
2017-07-13,0.0016804472044912998
2017-07-14,0.0046639148484839
2017-07-17,-0.00012201470451899998
2017-07-18,0.0005291990572267
2017-07-19,0.0054140079034208
2017-07-20,0.0004457423698434
2017-07-21,-0.0008907332068723001
2017-07-24,-0.0002430793321001
2017-07-25,0.0024311714965983
2017-07-26,4.048377258913938e-05
2017-07-27,-0.0009296028433743
2017-07-28,-0.0011731615822699
2017-07-31,-0.0005670215178814
2017-08-01,0.0022287824459827
2017-08-02,0.0004852936688715
2017-08-03,-0.0019400207823478
2017-08-04,0.0018221851359381
2017-08-07,0.0018592854494723
2017-08-08,-0.0024610000201343
2017-08-09,-4.036832913356658e-05
2017-08-10,-0.014115108209195502
2017-08-11,0.0014766403117556
2017-08-14,0.0099131548072162
2017-08-15,-0.0001216717485161
2017-08-16,0.0017443870567277
2017-08-17,-0.015590736639188398
2017-08-18,-0.0015631200767102
2017-08-21,0.0007825311006687998
2017-08-22,0.0104570702122517
2017-08-23,-0.0035852474249516
2017-08-24,-0.0023306940520474
2017-08-25,0.0023361388770328
2017-08-28,4.081399722455359e-05
2017-08-29,0.0011448216991578
2017-08-30,0.0047376136038876
2017-08-31,0.0060161159130529
2017-09-01,0.0
2017-09-05,0.0
2017-09-06,0.0
2017-09-07,0.0
2017-09-08,0.0
2017-09-11,0.0
2017-09-12,0.0
2017-09-13,0.0
2017-09-14,0.0
2017-09-15,0.0
2017-09-18,0.0
2017-09-19,0.0
2017-09-20,0.0
2017-09-21,0.0
2017-09-22,0.0
2017-09-25,0.0
2017-09-26,0.0
2017-09-27,0.0
2017-09-28,0.0
2017-09-29,0.0
2017-10-02,0.0043386376231195
2017-10-03,0.002140403982088
2017-10-04,0.0011860988552616
2017-10-05,0.0059253956837006
2017-10-06,-0.0011389188092184
2017-10-09,-0.0016513800809464
2017-10-10,0.002638468295496
2017-10-11,0.001571058739749
2017-10-12,-0.0014902227449123
2017-10-13,0.0012176340564185
2017-10-16,0.0013335037433240997
2017-10-17,0.0007048035508556
2017-10-18,0.0009787727717287
2017-10-19,0.000273788399453
2017-10-20,0.005160431987689199
2017-10-23,-0.0038895076480119
2017-10-24,0.0017571161469014
2017-10-25,-0.0049499540640839
2017-10-26,0.0012923446089385003
2017-10-27,0.0081763074883309
2017-10-30,-0.0037248043749160006
2017-10-31,0.0015576177047877003
2017-11-01,0.0013223666235884003
2017-11-02,0.00038836996072380006
2017-11-03,0.0033386579589398
2017-11-06,0.0015477769003346
2017-11-07,-0.0006953794893881
2017-11-08,0.0017007224314826
2017-11-09,-0.0036276114878734
2017-11-10,-0.0003101340886161
2017-11-13,0.0009299482425133
2017-11-14,-0.0023223733454943
2017-11-15,-0.0050054354289368
2017-11-16,0.0085011190546697
2017-11-17,-0.0029387556767971
2017-11-20,0.0017061328136007
2017-11-21,0.0065429331161666
2017-11-22,-0.0008844138281949999
2017-11-24,0.0023097221175949
2017-11-27,-0.0004992018058269
2017-11-28,0.0101450383591059
2017-11-29,-0.000609045371096
2017-11-30,0.0087551559636727
2017-12-01,0.0
2017-12-04,0.0
2017-12-05,0.0
2017-12-06,0.0
2017-12-07,0.0
2017-12-08,0.0
2017-12-11,0.0
2017-12-12,0.0
2017-12-13,0.0
2017-12-14,0.0
2017-12-15,0.0
2017-12-18,0.0
2017-12-19,0.0
2017-12-20,0.0
2017-12-21,0.0
2017-12-22,0.0
2017-12-26,0.0
2017-12-27,0.0
2017-12-28,0.0
2017-12-29,0.0
2018-01-02,0.0
2018-01-03,0.0
2018-01-04,0.0
2018-01-05,0.0
2018-01-08,0.0
2018-01-09,0.0
2018-01-10,0.0
2018-01-11,0.0
2018-01-12,0.0
2018-01-16,0.0
2018-01-17,0.0
2018-01-18,0.0
2018-01-19,0.0
2018-01-22,0.0
2018-01-23,0.0
2018-01-24,0.0
2018-01-25,0.0
2018-01-26,0.0
2018-01-29,0.0
2018-01-30,0.0
2018-01-31,0.0
2018-02-01,0.0
2018-02-02,0.0
2018-02-05,0.0
2018-02-06,0.0
2018-02-07,0.0
2018-02-08,0.0
2018-02-09,0.0
2018-02-12,0.0
2018-02-13,0.0
2018-02-14,0.0
2018-02-15,0.0
2018-02-16,0.0
2018-02-20,0.0
2018-02-21,0.0
2018-02-22,0.0
2018-02-23,0.0
2018-02-26,0.0
2018-02-27,0.0
2018-02-28,0.0
2018-03-01,-0.00823459314575574
2018-03-02,0.002896619018924197
2018-03-05,0.006468231512549794
2018-03-06,0.0002961667368949507
2018-03-07,0.0010923972526014612
2018-03-08,0.0033846390836206573
2018-03-09,0.01275378251240365
2018-03-12,-0.0008926214252038474
2018-03-13,-0.006242262615348636
2018-03-14,-0.0050148922653991835
2018-03-15,-0.0010898609805398
2018-03-16,0.0010844307715585
2018-03-19,-0.013530121281604902
2018-03-20,0.0017002823802931
2018-03-21,-0.0019190424479725
2018-03-22,-0.0249970516998714
2018-03-23,-0.01910274689684668
2018-03-26,0.022625602951302958
2018-03-27,-0.012819981407972714
2018-03-28,-0.002214975309821195
2018-03-29,0.009729389161652353
2018-04-02,0.0
2018-04-03,0.0
2018-04-04,0.0
2018-04-05,0.0
2018-04-06,0.0
2018-04-09,0.0
2018-04-10,0.0
2018-04-11,0.0
2018-04-12,0.0
2018-04-13,0.0
2018-04-16,0.0
2018-04-17,0.0
2018-04-18,0.0
2018-04-19,0.0
2018-04-20,0.0
2018-04-23,0.0
2018-04-24,0.0
2018-04-25,0.0
2018-04-26,0.0
2018-04-27,0.0
2018-04-30,0.0
2018-05-01,0.0
2018-05-02,0.0
2018-05-03,0.0
2018-05-04,0.0
2018-05-07,0.0
2018-05-08,0.0
2018-05-09,0.0
2018-05-10,0.0
2018-05-11,0.0
2018-05-14,0.0
2018-05-15,0.0
2018-05-16,0.0
2018-05-17,0.0
2018-05-18,0.0
2018-05-21,0.0
2018-05-22,0.0
2018-05-23,0.0
2018-05-24,0.0
2018-05-25,0.0
2018-05-29,0.0
2018-05-30,0.0
2018-05-31,0.0
2018-06-01,0.0008029658001457688
2018-06-04,0.0024454507264829676
2018-06-05,0.0007274925476299
2018-06-06,0.0083607100668967
2018-06-07,-0.0008513328759893333
2018-06-08,-0.003849363491355615
2018-06-11,0.0013295901304577
2018-06-12,0.0012926780086856997
2018-06-13,-0.001365166287950417
2018-06-14,-0.00408853582236625
2018-06-15,0.006186962105087384
2018-06-18,-0.002056860532388
2018-06-19,-0.0038324897596093
2018-06-20,0.0017056390037761
2018-06-21,-0.0062687747124205
2018-06-22,-0.001
2018-06-25,-0.008859846112208063
2018-06-26,-0.0010613656010798004
2018-06-27,-0.0130699215991518
2018-06-28,0.0057171878836179005
2018-06-29,0.0014399076062989
2018-07-02,0.0
2018-07-03,0.0
2018-07-05,0.0
2018-07-06,0.0
2018-07-09,0.0
2018-07-10,0.0
2018-07-11,0.0
2018-07-12,0.0
2018-07-13,0.0
2018-07-16,0.0
2018-07-17,0.0
2018-07-18,0.0
2018-07-19,0.0
2018-07-20,0.0
2018-07-23,0.0
2018-07-24,0.0
2018-07-25,0.0
2018-07-26,0.0
2018-07-27,0.0
2018-07-30,0.0
2018-07-31,0.0
2018-08-01,-0.001
2018-08-02,-0.0168377176973502
2018-08-03,0.0004044052279735005
2018-08-06,0.0036673449492998
2018-08-07,0.0033019209479959997
2018-08-08,-0.0004201473790325
2018-08-09,-0.0013657518337385
2018-08-10,-0.0067003715366752
2018-08-13,-0.0037432215575564
2018-08-14,0.0063805612675862
2018-08-15,-0.007467231372822501
2018-08-16,0.0080911815991135
2018-08-17,0.0035208295120565
2018-08-20,0.0021396636792663
2018-08-21,0.0023453433897793
2018-08-22,-0.0005940289256967
2018-08-23,-0.0013278235713222
2018-08-24,0.00016970790985071802
2018-08-27,7.817147004743521e-05
2018-08-28,-0.005910275098875314
2018-08-29,-0.0014857404102799987
2018-08-30,-0.012212338783295933
2018-08-31,3.446274417484574e-05
2018-09-04,-0.0017222488545973
2018-09-05,-0.0026913338859068
2018-09-06,-0.0030100647534743994
2018-09-07,-0.0019432912813832997
2018-09-10,0.0017383573718239
2018-09-11,0.0032973502521298
2018-09-12,0.00024240140578529997
2018-09-13,0.0059144451922688
2018-09-14,0.0001719996812981
2018-09-17,-0.0052944334991613
2018-09-18,0.0054262261617128
2018-09-19,0.0010657502175994
2018-09-20,0.0081032618107932
2018-09-21,-0.000913306390463
2018-09-24,-0.0033219230747592006
2018-09-25,-0.0009275371999807
2018-09-26,-0.0029923689353942
2018-09-27,0.0027943807774748
2018-09-28,0.0001030196774645
2018-10-01,0.0034741720366766
2018-10-02,-0.0005828311869588
2018-10-03,0.0005485423599009
2018-10-04,-0.0078155815127243
2018-10-05,-0.0055970222053998
2018-10-08,0.0
2018-10-09,-0.0014589169625464997
2018-10-10,-0.0316632755352436
2018-10-11,-0.0220267342884248
2018-10-12,0.0138885212497945
2018-10-15,-0.0037598254031476768
2018-10-16,0.0019366961632613041
2018-10-17,0.005344064529658814
2018-10-18,-0.012592613733899215
2018-10-19,-0.00045895128505662677
2018-10-22,-0.0038786315990996497
2018-10-23,-0.004398454430040824
2018-10-24,-0.02615453440295775
2018-10-25,0.01360849108808246
2018-10-26,-0.012430747211388149
2018-10-29,-0.0038369823783695567
2018-10-30,0.010288932778563542
2018-10-31,0.0071296044099074295
2018-11-01,0.006934752048472438
2018-11-02,-0.0037805738035556003
2018-11-05,0.0035274605276917133
2018-11-06,0.0040199082896425955
2018-11-07,0.01349771715481703
2018-11-08,-0.0010828391544648484
2018-11-09,-0.006500482965926187
2018-11-12,-0.013117126811414115
2018-11-13,-0.0012830755198494118
2018-11-14,-0.00470353677002139
2018-11-15,0.007695840938296714
2018-11-16,0.0018786839934311198
2018-11-19,-0.012542125010514724
2018-11-20,-0.013203334270964326
2018-11-21,0.002339253291812733
2018-11-23,-0.0045769606602257
2018-11-26,0.012519584155634905
2018-11-27,0.002637052801767804
2018-11-28,0.01906653662831009
2018-11-29,-0.0016773281253848631
2018-11-30,0.004809046595572136
2018-12-03,0.010572582787880884
2018-12-04,-0.02561255275960028
2018-12-06,-0.0010270301889330558
2018-12-07,-0.015799032122217827
2018-12-10,0.0012242508000416008
2018-12-11,0.00015687900507611811
2018-12-12,0.003474916763407142
2018-12-13,-0.00023395925336306021
2018-12-14,-0.013262120947244032
2018-12-17,-0.013544595358732061
2018-12-18,-0.0007301875138397276
2018-12-19,-0.010196222649962429
2018-12-20,-0.01095199257828741
2018-12-21,-0.013813948422901522
2018-12-24,-0.0176762211494714
2018-12-26,0.032211821967864075
2018-12-27,-0.0345485676903984
2018-12-28,-0.0006461645756156486
2018-12-31,0.004399165796361293
2019-01-02,0.0
2019-01-03,0.0
2019-01-04,0.0
2019-01-07,0.0
2019-01-08,0.0
2019-01-09,0.0
2019-01-10,0.0
2019-01-11,0.0
2019-01-14,0.0
2019-01-15,0.0
2019-01-16,0.0
2019-01-17,0.0
2019-01-18,0.0
2019-01-22,0.0
2019-01-23,0.0
2019-01-24,0.0
2019-01-25,0.0
2019-01-28,0.0
2019-01-29,0.0
2019-01-30,0.0
2019-01-31,0.0
2019-02-01,0.0003962929668874541
2019-02-04,0.005783176205841567
2019-02-05,0.004120848723962515
2019-02-06,-0.0013184376376942
2019-02-07,-0.0095324926086175
2019-02-08,0.0012214743696323
2019-02-11,0.0005544181826517
2019-02-12,0.012859347787369
2019-02-13,0.0032470142185743
2019-02-14,-0.0022183421307691
2019-02-15,0.010897180640897902
2019-02-19,0.0017305687169923
2019-02-20,0.0020155496807554
2019-02-21,-0.0035558193796035005
2019-02-22,0.0061998915385401
2019-02-25,0.0013614020545670998
2019-02-26,-0.0007157774825532999
2019-02-27,-0.0004292868399281
2019-02-28,-0.0018624230914138
2019-03-01,0.0062437749213004
2019-03-04,-0.0036377171306208
2019-03-05,-0.0013598917250224
2019-03-06,-0.0060570240857821004
2019-03-07,-0.0083655804096456
2019-03-08,-0.0019998027788387
2019-03-11,0.0145015567556898
2019-03-12,0.0037707567133284
2019-03-13,0.0002698391267616487
2019-03-14,-0.002490025103618583
2019-03-15,-0.0009359688758741353
2019-03-18,0.003625841483102
2019-03-19,0.0002479609367633
2019-03-20,-0.0030099421901802
2019-03-21,0.011294437536890401
2019-03-22,-0.0192461061317578
2019-03-25,-0.0007517841985076
2019-03-26,0.0074539326879414
2019-03-27,-0.0052289896540921995
2019-03-28,0.0037904918014715
2019-03-29,0.0063052763130018
2019-04-01,0.011859106816869601
2019-04-02,0.0004899678664516
2019-04-03,0.0015734315853421
2019-04-04,0.0026535523892972004
2019-04-05,0.0048401943155584
2019-04-08,0.0007624877174322999
2019-04-09,-0.0051247761642246
2019-04-10,0.0034105736390308
2019-04-11,-0.0002774414702494
2019-04-12,0.0067663491993339
2019-04-15,-0.0006549830609238
2019-04-16,0.0006554123449076
2019-04-17,-0.0024469046329484
2019-04-18,0.0019689497456094
2019-04-22,0.0008621684547034
2019-04-23,0.0089914596189022
2019-04-24,-0.0022191004575268
2019-04-25,-0.0006163772966343
2019-04-26,0.0046565941602569
2019-04-29,0.0015681724948177
2019-04-30,0.0005102241377978
2019-05-01,0.0
2019-05-02,0.0
2019-05-03,0.0
2019-05-06,0.0
2019-05-07,0.0
2019-05-08,0.0
2019-05-09,0.0
2019-05-10,0.0
2019-05-13,0.0
2019-05-14,0.0
2019-05-15,0.0
2019-05-16,0.0
2019-05-17,0.0
2019-05-20,0.0
2019-05-21,0.0
2019-05-22,0.0
2019-05-23,0.0
2019-05-24,0.0
2019-05-28,0.0
2019-05-29,0.0
2019-05-30,0.0
2019-05-31,0.0
2019-06-03,-0.0025432049477367
2019-06-04,0.0027844329693687466
2019-06-05,-0.0077084802316819715
2019-06-06,0.0007885266706650633
2019-06-07,0.017244379159666267
2019-06-10,0.004121043640112742
2019-06-11,-0.00021691516582268968
2019-06-12,-0.001590337534174747
2019-06-13,0.0041264637563553
2019-06-14,-0.0011050556236287
2019-06-17,0.0003800415527712
2019-06-18,0.0009118327336343149
2019-06-19,0.00353007379839185
2019-06-20,0.0095536633801167
2019-06-21,-0.0010755845297706497
2019-06-24,0.0018668576989003668
2019-06-25,-0.002467989240245415
2019-06-26,-0.011566130917868319
2019-06-27,-0.008557171694133666
2019-06-28,0.005146238788393999
2019-07-01,0.0090781205305809
2019-07-02,0.0010931967194132664
2019-07-03,0.005647154844346845
2019-07-05,-0.0011376455171937
2019-07-08,-0.0054948859471731
2019-07-09,0.0012466617213631
2019-07-10,0.0047780622960857
2019-07-11,0.002344139239816
2019-07-12,0.0044769351168236
2019-07-15,0.0003328130699549
2019-07-16,-0.0032253519184807
2019-07-17,-0.0068049060099769
2019-07-18,0.0036603769824824998
2019-07-19,-0.0055546461270964
2019-07-22,0.0010252358464558412
2019-07-23,-1.4184795362486847e-05
2019-07-24,0.0025508650194739483
2019-07-25,-0.0047770191302208
2019-07-26,0.006700127221730601
2019-07-29,-0.001821336043086
2019-07-30,-0.0024543882688583
2019-07-31,-0.010940699973407998
2019-08-01,0.0
2019-08-02,0.0
2019-08-05,0.0
2019-08-06,0.0
2019-08-07,0.0
2019-08-08,0.0
2019-08-09,0.0
2019-08-12,0.0
2019-08-13,0.0
2019-08-14,0.0
2019-08-15,0.0
2019-08-16,0.0
2019-08-19,0.0
2019-08-20,0.0
2019-08-21,0.0
2019-08-22,0.0
2019-08-23,0.0
2019-08-26,0.0
2019-08-27,0.0
2019-08-28,0.0
2019-08-29,0.0
2019-08-30,0.0
2019-09-03,0.0
2019-09-04,0.0
2019-09-05,0.0
2019-09-06,0.0
2019-09-09,0.0
2019-09-10,0.0
2019-09-11,0.0
2019-09-12,0.0
2019-09-13,0.0
2019-09-16,0.0
2019-09-17,0.0
2019-09-18,0.0
2019-09-19,0.0
2019-09-20,0.0
2019-09-23,0.0
2019-09-24,0.0
2019-09-25,0.0
2019-09-26,0.0
2019-09-27,0.0
2019-09-30,0.0
2019-10-01,0.0
2019-10-02,0.0
2019-10-03,0.0
2019-10-04,0.0
2019-10-07,0.0
2019-10-08,0.0
2019-10-09,0.0
2019-10-10,0.0
2019-10-11,0.0
2019-10-14,0.0
2019-10-15,0.0
2019-10-16,0.0
2019-10-17,0.0
2019-10-18,0.0
2019-10-21,0.0
2019-10-22,0.0
2019-10-23,0.0
2019-10-24,0.0
2019-10-25,0.0
2019-10-28,0.0
2019-10-29,0.0
2019-10-30,0.0
2019-10-31,0.0
2019-11-01,0.0
2019-11-04,0.0
2019-11-05,0.0
2019-11-06,0.0
2019-11-07,0.0
2019-11-08,0.0
2019-11-11,0.0
2019-11-12,0.0
2019-11-13,0.0
2019-11-14,0.0
2019-11-15,0.0
2019-11-18,0.0
2019-11-19,0.0
2019-11-20,0.0
2019-11-21,0.0
2019-11-22,0.0
2019-11-25,0.0
2019-11-26,0.0
2019-11-27,0.0
2019-11-29,0.0
2019-12-02,-0.0084948394522961
2019-12-03,-0.0019510916615670156
2019-12-04,0.027053988259414834
2019-12-05,0.0017977141178792998
2019-12-06,0.0091339822816209
2019-12-09,-0.003143929830223
2019-12-10,-0.0011151092058626
2019-12-11,0.0028388359349126994
2019-12-12,0.0086186608651086
2019-12-13,0.0005993530923031
2019-12-16,0.0068699249025971
2019-12-17,0.0002193089792534
2019-12-18,6.227093379718163e-05
2019-12-19,0.0040991253736155
2019-12-20,0.0043839848709541
2019-12-23,0.001528145011872
2019-12-24,3.108388573935805e-05
2019-12-26,0.0053230799202157
2019-12-27,-0.0002475535218159
2019-12-30,-0.005513515280234
2019-12-31,0.0024296573580937
2020-01-02,0.0093517558132936
2020-01-03,-0.007572032163045301
2020-01-06,0.0038145919197644994
2020-01-07,-0.0028110950135462
2020-01-08,0.0024813815128144037
2020-01-09,0.00309259124362938
2020-01-10,-0.004099323362794735
2020-01-13,0.0068777794911081
2020-01-14,-0.0015250491641759
2020-01-15,0.0010101100227831513
2020-01-16,0.0007336135972012791
2020-01-17,0.0031127391620243998
2020-01-21,-0.0015906740514055407
2020-01-22,-0.0005146594254442322
2020-01-23,0.006444494667026456
2020-01-24,-0.0032935212547328284
2020-01-27,0.00011175637959642715
2020-01-28,0.0034451254550968012
2020-01-29,0.007290115104176257
2020-01-30,0.005590928275200445
2020-01-31,-0.01026364416193749
2020-02-03,0.01538309810458322
2020-02-04,0.0017068891454548197
2020-02-05,0.032190042733027044
2020-02-06,-0.001
2020-02-07,-0.007754041621373265
2020-02-10,0.00933412385442725
2020-02-11,-0.01816182254432262
2020-02-12,0.0002404679571007988
2020-02-13,0.019897074291764464
2020-02-14,0.0016021254143894
2020-02-18,-0.0025767490388874
2020-02-19,0.0047812346160909
2020-02-20,-0.0015180422037544994
2020-02-21,-0.03411548927992219
2020-02-24,-0.006360827004138262
2020-02-25,-0.022211607868602216
2020-02-26,-0.002693174948486522
2020-02-27,-0.03388508767132047
2020-02-28,-0.0025877066273401472
2020-03-02,0.009619398344095701
2020-03-03,-0.020941882417817866
2020-03-04,-0.06304945316199045
2020-03-05,0.04986298115102235
2020-03-06,0.024796002626376153
2020-03-09,0.11714194123392961
2020-03-10,-0.0776175566798067
2020-03-11,0.0731229843063174
2020-03-12,0.1435155979087812
2020-03-13,-0.12822982861194526
2020-03-16,0.1641357059112978
2020-03-17,-0.0809878556173638
2020-03-18,0.07594919904240915
2020-03-19,-0.0031875491516009996
2020-03-20,0.06464131443906765
2020-03-23,0.0383526026007693
2020-03-24,-0.13590505913590023
2020-03-25,-0.02245527500200695
2020-03-26,-0.0875846394847272
2020-03-27,0.04467843507241965
2020-03-30,-0.04871357508185655
2020-03-31,0.0223580852680764
2020-04-01,0.135014642828208
2020-04-02,-0.0692263776025671
2020-04-03,0.043362583248753
2020-04-06,-0.20149811942525697
2020-04-07,-0.0030594007319852995
2020-04-08,-0.10070523175755448
2020-04-09,-0.045651925819565696
2020-04-13,0.0273908530327977
2020-04-14,-0.08847803458580311
2020-04-15,0.06374314376169
2020-04-16,-0.0144716379334917
2020-04-17,-0.08104636083933241
2020-04-20,0.052852856191809
2020-04-21,0.09109002010381531
2020-04-22,-0.0665827216496799
2020-04-23,0.00021517869823661773
2020-04-24,-0.041816181385457396
2020-04-27,-0.043255634368689594
2020-04-28,0.0137949355769094
2020-04-29,-0.0785352066855087
2020-04-30,0.0279314364699936
2020-05-01,0.0
2020-05-04,0.0
2020-05-05,0.0
2020-05-06,0.0
2020-05-07,0.0
2020-05-08,0.0
2020-05-11,0.0
2020-05-12,0.0
2020-05-13,0.0
2020-05-14,0.0
2020-05-15,0.0
2020-05-18,0.0
2020-05-19,0.0
2020-05-20,0.0
2020-05-21,0.0
2020-05-22,0.0
2020-05-26,0.0
2020-05-27,0.0
2020-05-28,0.0
2020-05-29,0.0
2020-06-01,0.0027290425507264494
2020-06-02,0.00568514278195291
2020-06-03,0.010399257908172027
2020-06-04,-0.002026092634191118
2020-06-05,0.01968748810992982
2020-06-08,0.008862362638482457
2020-06-09,-0.00546695513476726
2020-06-10,-0.002203559917131719
2020-06-11,-0.03740247405932494
2020-06-12,0.006226893136641594
2020-06-15,0.004989766841740431
2020-06-16,0.0103180609898477
2020-06-17,-0.0021865083507697516
2020-06-18,0.0002138202251324764
2020-06-19,-0.0032234501030726265
2020-06-22,0.0036616629276059946
2020-06-23,0.002645870847539476
2020-06-24,-0.014656389637739882
2020-06-25,0.0058180483827712385
2020-06-26,-0.012995080665874077
2020-06-29,0.007677166654513952
2020-06-30,0.006594357806581785
2020-07-01,0.003569921582011594
2020-07-02,0.0011899629463228364
2020-07-06,-0.00527092024289748
2020-07-07,-0.005238465641717862
2020-07-08,0.004040554264566803
2020-07-09,-0.003029539172057362
2020-07-10,0.005442520973150153
2020-07-13,-0.004586215662729747
2020-07-14,0.010018379439912812
2020-07-15,0.007079541466797912
2020-07-16,-0.002538890987694176
2020-07-17,0.002342596753604401
2020-07-20,0.006568003872824985
2020-07-21,0.0017177207352077797
2020-07-22,0.004651930233661557
2020-07-23,-0.009760539072840486
2020-07-24,-0.005089825371747351
2020-07-27,0.006618942123402411
2020-07-28,-0.0058166830234877565
2020-07-29,0.0122992681611775
2020-07-30,-0.0035681222935614
2020-07-31,0.0079022206432721
2020-08-03,0.0
2020-08-04,0.0
2020-08-05,0.0
2020-08-06,0.0
2020-08-07,0.0
2020-08-10,0.0
2020-08-11,0.0
2020-08-12,0.0
2020-08-13,0.0
2020-08-14,0.0
2020-08-17,0.0
2020-08-18,0.0
2020-08-19,0.0
2020-08-20,0.0
2020-08-21,0.0
2020-08-24,0.0
2020-08-25,0.0
2020-08-26,0.0
2020-08-27,0.0
2020-08-28,0.0
2020-08-31,0.0
2020-09-01,0.0
2020-09-02,0.0
2020-09-03,0.0
2020-09-04,0.0
2020-09-08,0.0
2020-09-09,0.0
2020-09-10,0.0
2020-09-11,0.0
2020-09-14,0.0
2020-09-15,0.0
2020-09-16,0.0
2020-09-17,0.0
2020-09-18,0.0
2020-09-21,0.0
2020-09-22,0.0
2020-09-23,0.0
2020-09-24,0.0
2020-09-25,0.0
2020-09-28,0.0
2020-09-29,0.0
2020-09-30,0.0
2020-10-01,0.0
2020-10-02,0.0
2020-10-05,0.0
2020-10-06,0.0
2020-10-07,0.0
2020-10-08,0.0
2020-10-09,0.0
2020-10-12,0.0
2020-10-13,0.0
2020-10-14,0.0
2020-10-15,0.0
2020-10-16,0.0
2020-10-19,0.0
2020-10-20,0.0
2020-10-21,0.0
2020-10-22,0.0
2020-10-23,0.0
2020-10-26,0.0
2020-10-27,0.0
2020-10-28,0.0
2020-10-29,0.0
2020-10-30,0.0
2020-11-02,0.001507588991319518
2020-11-03,0.013129131233217479
2020-11-04,0.016043377223527725
2020-11-05,0.013491770799804136
2020-11-06,-0.00015657775290175047
2020-11-09,0.008675460243703564
2020-11-10,-0.001003100234461546
2020-11-11,0.005242701534743702
2020-11-12,-0.0034076014210150537
2020-11-13,-0.028207063935956577
2020-11-16,0.008561586736781632
2020-11-17,-0.002150957753755278
2020-11-18,0.015274141382434355
2020-11-19,-0.0021830101779225057
2020-11-20,-0.004667214960181898
2020-11-23,0.004052525301392752
2020-11-24,0.004197053562490263
2020-11-25,0.009871097505182924
2020-11-27,0.0019491648253652449
2020-11-30,-0.0017353351442158482
2020-12-01,0.006005994968539016
2020-12-02,0.0019768023617006587
2020-12-03,-0.0002575522646093414
2020-12-04,0.008461084494543412
2020-12-07,-0.0020546845347581
2020-12-08,0.0029258124320714
2020-12-09,-0.0089686569257492
2020-12-10,-0.0003270154909679
2020-12-11,-0.0011728471477193
2020-12-14,-0.0044771515627473
2020-12-15,0.0135192145588041
2020-12-16,0.0015695109405691
2020-12-17,0.005592114654092
2020-12-18,-0.0039928627809948
2020-12-21,-0.0035753679392366
2020-12-22,-0.0016853342325584
2020-12-23,0.0008983627998533
2020-12-24,0.0038905113102014
2020-12-28,0.0085907538968441
2020-12-29,-0.0019079558614877002
2020-12-30,0.0014269290790036
2020-12-31,0.0050807684796714
2021-01-04,-0.0136139375632936
2021-01-05,0.0068873617418707
2021-01-06,0.0059786200901302995
2021-01-07,0.014857282767087598
2021-01-08,0.0056979251382585
2021-01-11,-0.006741025450982301
2021-01-12,0.0002113941992807
2021-01-13,0.0026926725242159997
2021-01-14,-0.0014169685975743995
2021-01-15,0.013015687674651832
2021-01-19,0.033627545081635804
2021-01-20,0.0138387799066321
2021-01-21,0.0009114039839788
2021-01-22,-0.0035390643789442
2021-01-25,0.0039437673672129
2021-01-26,-0.0015610079588038001
2021-01-27,-0.0244404141532748
2021-01-28,0.0086003209086726
2021-01-29,-0.0200195407023454
2021-02-01,0.0
2021-02-02,0.0
2021-02-03,0.0
2021-02-04,0.0
2021-02-05,0.0
2021-02-08,0.0
2021-02-09,0.0
2021-02-10,0.0
2021-02-11,0.0
2021-02-12,0.0
2021-02-16,0.0
2021-02-17,0.0
2021-02-18,0.0
2021-02-19,0.0
2021-02-22,0.0
2021-02-23,0.0
2021-02-24,0.0
2021-02-25,0.0
2021-02-26,0.0
2021-03-01,0.023050858872461718
2021-03-02,-0.004586222648234199
2021-03-03,-0.0012432286144021432
2021-03-04,-0.0032760543920478027
2021-03-05,0.009922003454821008
2021-03-08,-0.0005244958594857215
2021-03-09,-0.03030932790256735
2021-03-10,0.036244812577563616
2021-03-11,-0.00020703410920732885
2021-03-12,-0.0026893839857072884
2021-03-15,-0.0030661540050401525
2021-03-16,-0.021147555089952697
2021-03-17,0.001370191722555167
2021-03-18,-0.012205117018524177
2021-03-19,-0.001488859666834643
2021-03-22,0.006441984959812808
2021-03-23,-0.006287362491013394
2021-03-24,-0.004058800499237306
2021-03-25,0.004468519173388652
2021-03-26,0.013005382780157478
2021-03-29,-0.00044077034984805146
2021-03-30,-0.002336725829782437
2021-03-31,0.004037446169235309
2021-04-01,0.0
2021-04-05,0.0
2021-04-06,0.0
2021-04-07,0.0
2021-04-08,0.0
2021-04-09,0.0
2021-04-12,0.0
2021-04-13,0.0
2021-04-14,0.0
2021-04-15,0.0
2021-04-16,0.0
2021-04-19,0.0
2021-04-20,0.0
2021-04-21,0.0
2021-04-22,0.0
2021-04-23,0.0
2021-04-26,0.0
2021-04-27,0.0
2021-04-28,0.0
2021-04-29,0.0
2021-04-30,0.0
2021-05-03,0.0021567001110218
2021-05-04,-0.0061691986667299
2021-05-05,0.0003127371275417
2021-05-06,0.007985585581054
2021-05-07,0.0072779815639645
2021-05-10,-0.0099021757152595
2021-05-11,-0.008924901842732
2021-05-12,-0.0212452753239285
2021-05-13,0.0120125991811548
2021-05-14,0.0153552111058805
2021-05-17,-0.002544526467946
2021-05-18,-0.002269284975373185
2021-05-19,-0.050567170096962766
2021-05-20,0.0107581601761501
2021-05-21,-0.0008188334043429
2021-05-24,0.010193998994262498
2021-05-25,-0.002218481792976
2021-05-26,0.001984432505506
2021-05-27,0.000524968395078
2021-05-28,0.0017887720073155
2021-06-01,-0.0008807316498098
2021-06-02,0.0015723418566278
2021-06-03,-0.0037112601944606
2021-06-04,0.0050182085939776576
2021-06-07,-0.003127671953464336
2021-06-08,-0.0002803130742391102
2021-06-09,-0.003375997228022317
2021-06-10,-5.487153048255311e-06
2021-06-11,-0.0010186023854250306
2021-06-14,0.0022389661898007
2021-06-15,-0.0018342711117704
2021-06-16,-0.0055831274103991
2021-06-17,-0.0003320025622021
2021-06-18,-0.013490176692695
2021-06-21,0.014315855407387602
2021-06-22,0.0053463525313108
2021-06-23,-0.0012053995433798
2021-06-24,0.0059157438457175
2021-06-25,0.003551923767175
2021-06-28,0.002016030680799
2021-06-29,0.0005381925066749
2021-06-30,0.0008416537349877
2021-07-01,0.0
2021-07-02,0.0
2021-07-06,0.0
2021-07-07,0.0
2021-07-08,0.0
2021-07-09,0.0
2021-07-12,0.0
2021-07-13,0.0
2021-07-14,0.0
2021-07-15,0.0
2021-07-16,0.0
2021-07-19,0.0
2021-07-20,0.0
2021-07-21,0.0
2021-07-22,0.0
2021-07-23,0.0
2021-07-26,0.0
2021-07-27,0.0
2021-07-28,0.0
2021-07-29,0.0
2021-07-30,0.0
2021-08-02,-0.0020980514687697
2021-08-03,0.0081355900414621
2021-08-04,-0.0049190651332623
2021-08-05,0.0063327459677691
2021-08-06,0.0016523658955749
2021-08-09,-0.0008133013410271
2021-08-10,0.001243853840176
2021-08-11,0.0024848378907209
2021-08-12,-0.0003338425602441493
2021-08-13,-0.0076606484302490984
2021-08-16,0.0023546003774488
2021-08-17,-0.006555155765828599
2021-08-18,-0.010945127306746
2021-08-19,0.0015483167292884002
2021-08-20,0.0079572949373181
2021-08-23,0.0087964607594506
2021-08-24,0.0015874824738688002
2021-08-25,0.0020983119719231
2021-08-26,-0.0059031925180182
2021-08-27,0.0089410145405608
2021-08-30,0.00439758108447
2021-08-31,-0.0014816714988669
2021-09-01,0.0
2021-09-02,0.0
2021-09-03,0.0
2021-09-07,0.0
2021-09-08,0.0
2021-09-09,0.0
2021-09-10,0.0
2021-09-13,0.0
2021-09-14,0.0
2021-09-15,0.0
2021-09-16,0.0
2021-09-17,0.0
2021-09-20,0.0
2021-09-21,0.0
2021-09-22,0.0
2021-09-23,0.0
2021-09-24,0.0
2021-09-27,0.0
2021-09-28,0.0
2021-09-29,0.0
2021-09-30,0.0
2021-10-01,0.0
2021-10-04,0.0
2021-10-06,0.0
2021-10-07,0.0
2021-10-08,0.0
2021-10-11,0.0
2021-10-12,0.0
2021-10-13,0.0
2021-10-14,0.0
2021-10-15,0.0
2021-10-18,0.0
2021-10-19,0.0
2021-10-20,0.0
2021-10-21,0.0
2021-10-22,0.0
2021-10-25,0.0
2021-10-26,0.0
2021-10-27,0.0
2021-10-28,0.0
2021-10-29,0.0
2021-11-01,0.0
2021-11-02,0.0
2021-11-03,0.0
2021-11-04,0.0
2021-11-05,0.0
2021-11-08,0.0
2021-11-09,0.0
2021-11-10,0.0
2021-11-11,0.0
2021-11-12,0.0
2021-11-15,0.0
2021-11-16,0.0
2021-11-17,0.0
2021-11-18,0.0
2021-11-19,0.0
2021-11-22,0.0
2021-11-23,0.0
2021-11-24,0.0
2021-11-26,0.0
2021-11-29,0.0
2021-11-30,0.0
2021-12-01,-0.011106894776317499
2021-12-02,0.001719344570981964
2021-12-03,0.009366924517335335
2021-12-06,0.011843220595341299
2021-12-07,0.020683684929827747
2021-12-08,0.0023776179902572554
2021-12-09,-0.006053962073060792
2021-12-10,0.008375447504675225
2021-12-13,-0.002786887938559638
2021-12-14,-0.005027650849670783
2021-12-15,0.013632116247585278
2021-12-16,-0.007323280972630255
2021-12-17,-0.008730511830849847
2021-12-20,-0.003487811495372498
2021-12-21,-0.0033919393164361313
2021-12-22,0.025230521926905794
2021-12-23,0.004600546535867428
2021-12-27,0.010410954382362059
2021-12-28,-0.0005857838995019156
2021-12-29,0.0010016499624557196
2021-12-30,-0.0022066547534676717
2021-12-31,-0.0021889424074062825
